0, 12, 2
38, 6, 1
136, 1, 0
138, 2, 0
153, 12, 2
199, 1, 0
203, 3, 0
216, 4, 0
233, 1, 0
237, 2, 0
256, 4, 0
391, 60, 3
667, 0, 1
673, 3, 0
674, 1, 0
676, 7, 0
677, 1, 0
680, 1, 0
681, 1, 0
682, 1, 0
684, 4, 1
686, 2, 0
687, 1, 0
688, 2, 0
691, 2, 0
692, 2, 0
698, 7, 1
699, 3, 0
703, 1, 0
704, 3, 0
706, 4, 0
707, 4, 1
708, 3, 0
710, 2, 3
711, 1, 0
715, 4, 0
716, 1, 0
725, 1, 0
728, 7, 0
732, 5, 0
738, 1, 0
740, 6, 0
741, 5, 0
772, 2, 0
789, 1, 0
829, 1, 0
832, 3, 0
834, 1, 0
836, 5, 0
837, 3, 0
838, 17, 2
843, 1, 0
845, 1, 1
846, 4, 0
849, 3, 0
861, 8, 0
915, 18, 1
917, 72, 4
919, 18, 0
920, 5, 1
921, 2, 0
924, 3, 0
927, 5, 1
928, 3, 0
931, 3, 1
932, 7, 0
933, 3, 0
934, 1, 0
935, 5, 0
938, 1, 0
939, 1, 1
941, 3, 1
954, 6, 1
967, 16, 3
969, 22, 2
971, 47, 1
972, 90, 2
973, 4, 0
974, 22, 2
975, 6, 0
976, 5, 0
977, 5, 0
978, 1, 0
979, 1, 0
980, 5, 0
981, 1, 0
982, 3, 0
983, 1, 0
984, 1, 0
988, 2, 0
996, 4, 0
998, 2, 1
1001, 0, 1
1003, 31, 0
1007, 1, 0
1008, 10, 0
1014, 13, 0
1016, 1, 0
1017, 1, 0
1019, 1, 0
1020, 231, 5
1022, 10, 2
1023, 15, 2
1024, 1, 0
1025, 3, 0
1028, 3, 0
1029, 1, 0
1032, 0, 1
1041, 9, 0
1062, 1, 0
1093, 1, 0
1095, 2, 0
1098, 6, 1
1105, 0, 1
1109, 4, 0
1115, 6, 0
1141, 2, 0
1151, 19, 0
1250, 4, 1
1277, 1, 0
1281, 22, 2
1287, 4, 1
1465, 3, 0
1490, 1, 0
1494, 1, 0
1529, 6, 0
1581, 25, 2
1732, 7, 2
1805, 5, 0
1834, 1, 0
1937, 51, 1
1969, 36, 4
2235, 11, 0
2252, 8, 1
2298, 3, 0
2341, 5, 0
2342, 3, 0
2375, 1, 0
2377, 1, 0
2408, 2, 0
2609, 2, 0
2642, 5, 0
2651, 3, 0
2788, 1, 0
2789, 4, 0
2790, 1, 0
2801, 1, 0
2809, 8, 0
2824, 6, 1
2925, 10, 0
2994, 1, 0
2997, 2, 0
3003, 10, 2
3049, 1, 0
3052, 1, 0
3057, 1, 0
3058, 2, 0
3059, 0, 1
3066, 1, 0
3069, 11, 1
3122, 1, 0
3124, 6, 0
3125, 1, 0
3127, 1, 0
3129, 1, 0
3130, 55, 1
3263, 1, 0
3264, 43, 2
3617, 7, 0
3658, 3, 0
3661, 19, 1
3690, 1, 0
3704, 1, 0
3716, 5, 0
3719, 18, 0
3789, 1, 0
3803, 1, 1
3815, 3, 0
3826, 8, 1
3827, 1, 1
3842, 2, 0
3847, 3, 0
3853, 398, 6
4589, 1, 0
4603, 2, 0
4605, 23, 1
4649, 1, 0
4650, 7, 0
4665, 1, 0
4667, 1, 0
4670, 1, 0
4672, 1, 0
4673, 12, 2
4674, 4, 0
4675, 836, 3
4677, 2, 0
4679, 1, 1
4680, 2, 0
4681, 3, 0
4684, 9, 0
4685, 5, 0
4689, 3, 0
4693, 2, 0
4696, 5, 0
5045, 13, 1
5112, 33, 0
5173, 43, 2
5334, 2, 0
5340, 5, 0
5342, 4, 0
5344, 1, 0
5345, 2, 0
5349, 8, 0
5353, 2, 1
5355, 2, 0
5358, 3, 0
5359, 2, 0
5370, 0, 1
5371, 7, 0
5372, 8, 0
5389, 3, 0
5390, 7, 0
5393, 4, 0
5404, 2, 0
5410, 7, 1
5451, 4, 0
5452, 2, 0
5458, 2, 0
5467, 1, 0
5488, 2, 1
5491, 2, 0
5502, 11, 0
5545, 1, 0
5590, 1, 0
5605, 1, 0
5606, 2, 0
5664, 3, 0
5676, 7, 0
5695, 6, 0
5728, 1, 0
5729, 5, 0
5762, 1, 0
5764, 8, 1
5770, 1, 0
5891, 3, 0
5893, 25, 0
5900, 1, 0
5906, 17, 1
6009, 1, 0
6016, 6, 0
6026, 1, 0
6033, 1, 0
6042, 8, 1
6055, 1, 0
6059, 1, 0
6086, 1, 0
6094, 10, 0
6104, 12, 0
6155, 2, 0
6156, 3, 0
6170, 1, 0
6184, 1, 0
6195, 5, 0
6215, 10, 0
6300, 3, 0
6302, 8, 0
6449, 15, 0
6484, 1, 0
6486, 3, 0
6488, 1, 0
6490, 2, 0
6491, 3, 0
6492, 1, 0
6496, 2, 1
6497, 0, 2
6498, 1, 0
6500, 1, 0
6502, 6, 0
6580, 3, 0
6664, 1, 0
6666, 1, 0
6668, 1, 0
6670, 3, 0
6671, 1, 0
6673, 1, 1
6676, 3, 0
6677, 2, 0
6678, 1, 0
6680, 2, 0
6682, 1, 0
6684, 1, 0
6688, 6, 0
6689, 3, 0
6690, 19, 0
6692, 3, 0
6696, 1, 0
6697, 0, 1
6698, 1, 0
6704, 3, 0
6705, 6, 0
6707, 3, 0
6711, 5, 0
6712, 7, 0
6719, 2, 0
6720, 10, 0
6723, 4, 0
6725, 32, 0
6855, 1, 0
6878, 2, 0
6912, 1, 0
6914, 2, 0
6921, 30, 2
6960, 12, 2
6964, 8, 1
6977, 283, 16
7071, 1, 0
7227, 1, 0
7232, 1, 0
7541, 3, 0
7543, 169, 17
7646, 1, 0
7677, 5, 1
7678, 56, 1
7839, 2, 0
8504, 1, 0
8708, 4, 0
13878, 198, 22
14354, 115, 12
14570, 80, 11
14662, 9, 0
14665, 2, 1
14666, 19, 1
14725, 9, 0
14818, 5, 0
14831, 3, 0
14845, 7, 2
14846, 3, 0
14848, 4, 0
14849, 2, 0
14852, 3, 0
14854, 11, 1
14858, 1, 0
14893, 2, 0
14896, 2, 0
14897, 3, 1
14899, 2, 0
14900, 1, 1
14904, 1, 0
14910, 3, 0
14911, 1, 0
14912, 3, 0
14914, 13, 0
14924, 3, 0
14925, 0, 3
14929, 3, 0
14930, 1, 0
14931, 2, 0
14932, 1, 0
14936, 3, 0
14937, 4, 0
14939, 5, 0
14947, 1, 0
14950, 1, 0
14953, 1, 0
14955, 8, 0
14956, 5, 2
14960, 26, 0
14997, 4, 0
14998, 3, 0
14999, 4, 0
15004, 2, 0
15007, 9, 0
15013, 3, 0
15018, 1, 0
15019, 4, 0
15020, 2, 1
15022, 37, 1
15023, 6, 0
15024, 3, 0
15025, 1, 0
15030, 16, 0
15031, 2, 0
15057, 2, 0
15059, 4, 0
15063, 1, 0
15064, 109, 4
15342, 1, 0
15352, 1, 0
15356, 8, 0
15357, 2, 0
15358, 1, 0
15360, 3, 0
15361, 6, 0
15364, 1, 0
15365, 19, 3
15368, 3, 0
15369, 46, 3
15657, 0, 1
15658, 1, 0
15659, 1, 0
15660, 1, 0
15662, 4, 0
15665, 2, 0
15668, 2, 3
15671, 1, 0
15672, 25, 1
15673, 3, 0
15675, 6, 1
15677, 6, 0
15678, 1, 0
15679, 12, 0
15680, 6, 0
15697, 4, 0
15698, 3, 1
15699, 1, 0
15700, 1, 0
15701, 6, 1
15702, 6, 1
15703, 3, 0
15704, 1, 0
15705, 2, 0
15706, 2, 0
15708, 1, 0
15710, 13, 0
15714, 74, 7
15715, 18, 1
15716, 75, 4
15720, 35, 0
15723, 11, 1
15727, 5, 0
15728, 1, 0
15730, 2, 0
15732, 3, 0
15736, 1, 0
15739, 12, 0
15740, 2, 0
15747, 4, 0
15778, 3, 0
15796, 1, 0
15797, 11, 1
15798, 7, 1
15803, 2, 0
15805, 14, 2
15806, 3, 1
15814, 0, 1
15815, 6, 0
15818, 7, 0
15864, 5, 0
15868, 5, 0
15874, 1, 0
15884, 11, 0
15907, 1, 0
15908, 3, 0
15910, 4, 0
15911, 3, 0
15913, 6, 1
15915, 12, 0
15917, 1, 0
15922, 3, 0
15927, 1, 1
15929, 1, 0
15933, 1, 0
15935, 1, 0
15938, 2, 1
16000, 2, 0
16003, 6, 0
16004, 1, 0
16008, 7, 0
16009, 1, 0
16013, 2, 0
16018, 24, 2
16021, 1, 0
16022, 7, 0
16023, 5, 0
16030, 2, 0
16031, 2, 0
16032, 1, 0
16033, 5, 2
16034, 9, 0
16036, 0, 1
16037, 2, 0
16038, 0, 1
16039, 2, 0
16041, 1, 0
16064, 3, 0
16070, 4, 0
16071, 3, 0
16072, 1, 0
16073, 1, 0
16074, 1, 0
16077, 2, 0
16078, 1, 0
16082, 2, 0
16084, 1, 0
16086, 1, 0
16088, 1, 0
16089, 3, 0
16116, 23, 0
16143, 3, 0
16145, 9, 1
16153, 1, 0
16161, 1, 0
16162, 7, 0
16164, 1, 0
16166, 2, 0
16171, 1, 0
16172, 8, 0
16173, 1, 0
16174, 7, 1
16175, 3, 0
16176, 8, 0
16184, 1, 0
16191, 57, 1
16192, 1, 0
16199, 5, 0
16200, 1, 0
16201, 5, 0
16202, 2, 0
16205, 1, 0
16212, 1, 0
16213, 3, 0
16214, 6, 0
16218, 2, 1
16219, 6, 0
16220, 2, 0
16229, 1, 0
16232, 15, 1
16235, 2, 0
16236, 3, 0
16241, 4, 1
16251, 3, 0
16260, 1, 0
16264, 1, 0
16265, 6, 0
16271, 5, 0
16272, 1, 0
16276, 1, 0
16281, 3, 0
16282, 0, 1
16293, 1, 0
16294, 4, 1
16297, 1, 0
16298, 1, 0
16301, 2, 0
16306, 4, 0
16309, 0, 1
16319, 1, 0
16320, 1, 0
16321, 2, 0
16329, 1, 0
16332, 2, 0
16333, 14, 0
16337, 2, 0
16340, 2, 0
16342, 3, 0
16343, 1, 0
16345, 1, 0
16347, 2, 0
16349, 2, 0
16351, 3, 0
16354, 1, 0
16358, 4, 0
16370, 1, 0
16373, 1, 0
16376, 1, 0
16387, 1, 0
16389, 1, 0
16411, 4, 0
16416, 1, 0
16421, 2, 0
16430, 1, 0
16431, 1, 0
16433, 1, 0
16434, 0, 1
16437, 1, 0
16439, 1, 0
16442, 1, 0
16443, 39, 1
16449, 1, 0
16459, 1, 0
16461, 0, 1
16464, 8, 0
16472, 2, 1
16476, 1, 0
16482, 1, 0
16486, 1, 0
16488, 0, 1
16491, 3, 0
16495, 3, 1
16496, 2, 0
16503, 13, 0
16510, 1, 0
16512, 9, 0
16516, 1, 0
16524, 8, 0
16528, 1, 0
16530, 1, 0
16563, 2, 0
16570, 2, 0
16580, 2, 0
16591, 3, 0
16606, 4, 0
16612, 1, 0
16613, 2, 0
16617, 1, 1
16619, 1, 0
16624, 0, 1
16630, 0, 1
16631, 3, 0
16633, 2, 0
16636, 6, 0
16639, 39, 3
16742, 1, 0
16760, 1, 0
16764, 4, 0
16767, 21, 3
16768, 6, 0
16773, 1, 0
16775, 1, 0
16780, 1, 0
16783, 1, 0
16790, 2, 0
16794, 4, 0
16798, 8, 1
16801, 3, 0
16826, 9, 0
16834, 4, 0
16923, 7, 0
16931, 1, 0
16933, 8, 2
16985, 17, 0
16987, 1, 0
16988, 8, 0
16989, 7, 1
16997, 2, 0
17079, 2, 0
17083, 1, 0
17087, 1, 0
17092, 4, 0
17098, 1, 0
17101, 2, 0
17171, 3, 0
17181, 1, 0
17182, 1, 0
17183, 29, 1
17226, 42, 3
17249, 81, 2
17278, 53, 4
17292, 15, 2
17296, 14, 0
17302, 2, 0
17308, 236, 3
17761, 2, 0
17764, 1, 0
17767, 1, 0
17769, 1, 0
17777, 1, 0
17782, 0, 1
17791, 4, 0
17794, 1, 0
17795, 2, 0
17798, 2, 0
17802, 1, 0
17805, 2, 0
17811, 1, 0
17813, 3, 0
17814, 1, 0
17825, 10, 1
17836, 2, 0
17847, 1, 0
17849, 38, 1
18058, 14, 1
18063, 4, 0
18066, 2, 0
18072, 107, 29
18221, 6, 0
18226, 1, 0
18227, 1, 0
18228, 2, 0
18229, 10, 0
18231, 2, 0
18235, 1, 0
18243, 1, 0
18254, 2, 1
18255, 4, 0
18256, 2, 0
18257, 1, 0
18264, 1, 0
18267, 0, 1
18270, 1, 0
18275, 1, 0
18277, 3, 0
18278, 2, 0
18290, 1, 0
18293, 1, 0
18295, 1, 0
18299, 1, 0
18300, 1, 0
18306, 1, 0
18313, 1, 0
18314, 0, 1
18320, 1, 0
18332, 2, 0
18333, 1, 0
18339, 5, 0
18355, 1, 0
18357, 1, 0
18373, 7, 0
18378, 0, 2
18380, 2, 0
18381, 10, 0
18382, 1, 0
18390, 1, 0
18394, 13, 1
18396, 1, 0
18399, 2, 0
18400, 2, 0
18404, 2, 0
18405, 3, 0
18407, 3, 0
18411, 0, 2
18413, 0, 1
18418, 181, 11
18462, 1, 0
18463, 1, 0
18467, 1, 0
18473, 1, 0
18475, 1, 0
18519, 3, 1
18523, 1, 0
18524, 3, 0
18552, 1, 0
18589, 1, 0
18591, 1, 0
18605, 6, 0
18611, 1, 0
18632, 1, 0
18640, 2, 1
18688, 16, 0
18897, 6, 0
18913, 52, 13
19272, 4, 0
19283, 1, 0
19284, 2, 0
19292, 1, 0
19295, 1, 0
19303, 5, 0
19310, 21, 0
19312, 14, 0
19399, 14, 0
19481, 6, 0
19484, 17, 0
19625, 1, 0
19629, 2, 0
19650, 2, 1
19663, 2, 0
19666, 17, 0
19678, 2, 0
19708, 3, 0
19712, 0, 5
19713, 5, 0
19720, 1, 0
19721, 1, 0
19722, 26, 2
19723, 13, 3
19729, 1, 0
19730, 2, 0
19731, 3, 0
19733, 1, 0
19735, 2, 0
19741, 1, 0
19744, 1, 1
19747, 1, 0
19749, 1, 0
19751, 9, 3
19752, 6, 0
19753, 0, 1
19755, 1, 0
19756, 2, 0
19757, 2, 0
19764, 3, 0
19768, 1, 0
19775, 1, 0
19797, 2, 0
19802, 5, 0
19810, 0, 1
19815, 3, 0
19816, 4, 0
19817, 0, 1
19820, 1, 1
19821, 1, 0
19823, 7, 1
19825, 1, 0
19835, 1, 0
19842, 7, 1
19843, 10, 0
19850, 3, 0
19942, 2, 0
19944, 1, 0
19945, 21, 0
19946, 4, 0
19947, 2, 0
19949, 5, 0
19962, 3, 1
19964, 5, 0
19965, 3, 0
19975, 3, 1
19977, 1, 0
19980, 3, 0
19981, 2, 0
19982, 4, 0
19989, 21, 1
19998, 37, 0
20079, 1, 0
20082, 2, 0
20097, 3, 0
20101, 1, 0
20115, 5, 0
20116, 1, 0
20178, 3, 0
20189, 1, 0
20196, 0, 1
20202, 1, 0
20204, 1, 0
20207, 1, 0
20208, 3, 0
20218, 3, 3
20220, 2, 0
20222, 24, 9
20226, 19, 3
20231, 9, 4
20252, 1, 0
20268, 2, 2
20270, 4, 3
20271, 30, 0
20272, 18, 0
20273, 8, 0
20274, 4, 0
20275, 3, 0
20276, 1, 0
20277, 2, 0
20279, 34, 0
20280, 1, 0
20281, 17, 1
20283, 1, 0
20284, 14, 5
20285, 1, 0
20286, 3, 0
20287, 6, 5
20289, 8, 0
20290, 1, 0
20291, 4, 0
20292, 63, 4
20293, 43, 5
20294, 33, 0
20296, 6, 0
20297, 4, 0
20298, 1, 0
20299, 61, 12
20303, 2, 0
20305, 3, 0
20308, 1, 0
20309, 1, 0
20312, 13, 2
20319, 3, 0
20323, 2, 0
20330, 1, 0
20331, 5, 0
20332, 8, 0
20333, 1, 0
20335, 0, 1
20338, 1, 0
20342, 3, 0
20343, 1, 0
20344, 3, 0
20346, 1, 0
20347, 1, 0
20348, 0, 1
20349, 30, 0
20351, 51, 2
20356, 3, 0
20364, 127, 8
20396, 4, 0
20483, 1, 0
20487, 9, 0
20666, 3, 0
20701, 12, 0
20724, 1, 0
20731, 2, 0
20732, 4, 0
20733, 22, 1
20735, 1, 0
20737, 6, 0
20738, 1, 0
20739, 1, 0
20740, 2, 0
20741, 1, 0
20742, 3, 0
20743, 7, 1
20744, 3, 1
20745, 3, 0
20747, 5, 0
20755, 1, 0
20777, 1, 0
20788, 3, 0
20793, 1, 0
20798, 2, 0
20801, 3, 0
20803, 3, 0
20807, 1, 0
20816, 1, 0
20817, 1, 0
20842, 2, 0
20883, 3, 1
20895, 1, 0
20897, 62, 42
21052, 1, 0
21305, 1, 1
21307, 6, 0
21372, 2, 1
21373, 2, 0
21374, 0, 1
21376, 1, 0
21377, 3, 0
21382, 1, 0
21386, 1, 0
21390, 2, 0
21396, 1, 0
21398, 1, 0
21400, 2, 0
21402, 1, 0
21405, 1, 0
21414, 0, 1
21415, 4, 0
21416, 1, 0
21424, 1, 0
21428, 2, 2
21432, 6, 0
21443, 2, 0
21444, 0, 1
21445, 2, 0
21446, 4, 0
21447, 1, 2
21448, 6, 0
21451, 1, 0
21457, 2, 0
21668, 1, 0
21703, 0, 1
21705, 1, 0
21710, 6, 0
21711, 1, 1
21718, 5, 0
21719, 2, 0
21732, 0, 1
21738, 1, 0
21741, 3, 0
21743, 3, 0
21744, 1, 0
21746, 2, 0
21750, 5, 0
21751, 0, 7
21760, 1, 0
21761, 3, 0
21801, 1, 0
21811, 4, 0
21826, 1, 0
21898, 1, 0
21906, 1, 0
21910, 1, 0
21914, 2, 0
21915, 10, 0
22271, 5, 0
22275, 2, 0
22278, 2, 0
22281, 7, 0
22282, 11, 0
22286, 2, 0
22313, 0, 1
22318, 4, 0
22319, 1, 0
22328, 1, 0
22329, 1, 0
22333, 3, 0
22343, 1, 0
22390, 7, 0
22391, 8, 0
22394, 1, 1
22402, 3, 1
22419, 2, 0
22423, 0, 1
22425, 1, 0
22429, 1, 0
22430, 10, 0
22471, 1, 0
22476, 2, 0
22480, 1, 0
22481, 1, 1
22482, 1, 1
22484, 4, 0
22563, 1, 0
22569, 2, 0
22574, 1, 0
22598, 10, 0
22611, 1, 0
22634, 1, 0
22643, 1, 1
22662, 20, 1
22671, 4, 0
22672, 1, 0
22676, 2, 0
22678, 1, 0
22679, 2, 0
22680, 12, 2
22682, 32, 0
22863, 2, 0
22947, 2, 1
22954, 1, 0
22955, 1, 0
22956, 1, 5
23086, 5, 0
23089, 2, 0
23090, 4, 0
23094, 4, 0
23096, 119, 7
23127, 10, 0
23131, 2, 0
23139, 1, 0
23140, 1, 0
23146, 1, 0
23147, 2, 1
23148, 1, 0
23150, 3, 0
23151, 1, 0
23152, 3, 0
23164, 6, 1
23166, 1, 0
23172, 1, 0
23174, 3, 0
23176, 1, 0
23179, 5, 0
23181, 21, 1
23187, 1, 0
23194, 28, 3
23205, 1, 0
23207, 1, 0
23242, 1, 0
23320, 2, 0
23356, 2, 0
23394, 1, 0
23395, 2, 0
23453, 2, 0
23459, 4, 0
23460, 1, 0
23461, 2, 0
23463, 2, 0
23465, 4, 3
23487, 1, 0
23489, 3, 0
23494, 1, 0
23496, 1, 0
23497, 46, 5
23498, 1, 0
23499, 3, 2
23503, 3, 0
23504, 1, 0
23511, 1, 0
23528, 0, 1
23537, 1, 0
23547, 1, 0
23548, 1, 0
23553, 2, 0
23567, 8, 1
23568, 4, 0
23569, 1, 0
23571, 2, 0
23701, 4, 0
23702, 2, 0
23721, 1, 0
23722, 5, 0
23728, 3, 1
23729, 1, 0
23730, 2, 0
23732, 3, 1
23733, 2, 0
23734, 2, 0
23735, 1, 0
23736, 2, 0
23737, 1, 0
23738, 1, 0
23740, 0, 1
23745, 1, 0
23776, 1, 0
23799, 1, 0
23802, 1, 0
23815, 1, 0
23820, 4, 0
23835, 1, 0
23838, 1, 0
23842, 7, 1
23843, 1, 0
23861, 1, 0
23862, 1, 0
23867, 1, 0
23875, 5, 0
23879, 1, 0
23884, 1, 0
23885, 1, 0
23921, 164, 3
23942, 2, 0
23960, 6, 0
23961, 17, 0
23964, 26, 1
23965, 19, 3
23966, 15, 1
23968, 9, 2
23969, 4, 0
23970, 5, 1
23971, 3, 0
23972, 2, 0
23973, 1, 0
23974, 3, 1
23976, 3, 0
23977, 2, 0
23978, 3, 1
23979, 1, 0
23980, 1, 0
23981, 1, 0
23982, 1, 0
23983, 1, 0
23985, 1, 0
23986, 13, 0
23987, 6, 1
23988, 3, 0
23990, 33, 3
23994, 10, 0
23995, 2, 0
24014, 2, 0
24015, 1, 0
24016, 23, 6
24049, 1, 0
24884, 1, 0
24885, 1, 0
24887, 8, 0
24889, 1, 0
24890, 1, 0
24895, 1, 0
24896, 1, 0
24902, 1, 0
24912, 2, 0
25042, 2, 0
25045, 0, 1
25057, 4, 0
25059, 1, 0
25069, 1, 0
25071, 2, 0
25092, 1, 0
25094, 1, 0
25095, 1, 0
25097, 1, 0
25098, 29, 0
25103, 12, 0
25119, 2, 0
25139, 2, 0
25140, 1, 0
25186, 1, 0
25192, 7, 1
25203, 1, 0
25204, 1, 0
25209, 2, 0
25210, 3, 1
25212, 0, 1
25213, 1, 0
25214, 1, 0
25215, 0, 1
25217, 1, 0
25225, 1, 0
25227, 1, 0
25231, 42, 3
25235, 2, 0
25236, 0, 1
25238, 5, 1
25240, 7, 1
25241, 25, 0
25265, 4, 0
25266, 5, 1
25267, 1, 0
25268, 1, 0
25269, 6, 0
25270, 22, 1
25272, 2, 0
25273, 2, 0
25274, 30, 2
25277, 1, 0
25278, 6, 1
25279, 9, 2
25280, 7, 0
25281, 1, 0
25282, 1, 0
25283, 2, 0
25284, 3, 0
25285, 2, 0
25287, 35, 5
25304, 3, 1
25305, 9, 2
25312, 1, 0
25313, 1, 0
25314, 2, 0
25320, 2, 0
25322, 13, 0
25326, 2, 0
25328, 15, 0
25330, 3, 0
25339, 1, 0
25364, 1, 0
25393, 0, 1
25406, 2, 0
25407, 2, 0
25416, 9, 0
25442, 14, 0
25502, 1, 0
25513, 2, 0
25536, 5, 0
25539, 1, 0
25540, 2, 0
25541, 3, 0
25546, 3, 0
25548, 1, 0
25549, 3, 0
25552, 6, 0
25553, 5, 0
25554, 5, 0
25559, 4, 0
25560, 1, 0
25561, 1, 0
25562, 4, 0
25565, 11, 0
25568, 2, 0
25569, 6, 1
25570, 16, 0
25572, 2, 0
25573, 2, 0
25589, 1, 0
25623, 1, 0
25624, 6, 0
25625, 2, 0
25626, 1, 0
25627, 1, 0
25628, 6, 0
25638, 5, 0
25643, 4, 0
25665, 3, 0
25667, 1, 0
25672, 1, 0
25673, 1, 0
25677, 10, 0
25681, 1, 0
25682, 1, 0
25694, 3, 0
25695, 1, 0
25696, 4, 0
25701, 3, 1
25703, 6, 0
25705, 7, 1
25725, 1, 1
25726, 2, 0
25729, 4, 0
25730, 2, 0
25731, 8, 1
25732, 6, 0
25733, 2, 0
25734, 7, 0
25736, 2, 0
25737, 2, 0
25738, 3, 1
25739, 2, 0
25740, 8, 1
25741, 1, 0
25742, 1, 0
25743, 2, 0
25744, 12, 0
25747, 0, 1
25748, 0, 1
25749, 19, 5
25751, 3, 0
25752, 1, 0
25753, 8, 1
25756, 1, 0
25787, 1, 0
25788, 5, 0
25796, 2, 0
25803, 1, 0
25805, 1, 0
25811, 1, 0
25812, 12, 1
25814, 4, 0
25816, 1, 2
25817, 1, 0
25819, 1, 0
25827, 1, 0
25829, 5, 0
25830, 1, 0
25831, 6, 0
25857, 0, 2
25858, 1, 0
25862, 3, 0
25865, 10, 1
25874, 1, 0
25877, 1, 0
25882, 8, 0
25883, 12, 0
25885, 15, 0
25886, 5, 0
25890, 7, 1
25894, 1, 0
25898, 3, 0
25899, 2, 0
25951, 1, 0
25958, 1, 0
25959, 1, 0
25960, 1, 0
25964, 3, 0
25965, 1, 0
25969, 1, 0
25975, 1, 0
25985, 8, 2
25988, 8, 0
25989, 6, 0
25990, 2, 0
25991, 2, 1
25993, 390, 19
26313, 15, 0
26322, 1, 0
26323, 4, 0
26327, 1, 0
26328, 1, 0
26346, 3, 1
26356, 2, 0
26360, 19, 1
26370, 1, 0
26380, 4, 0
26381, 0, 1
26382, 1, 0
26386, 1, 0
26387, 1, 0
26389, 1, 0
26390, 1, 0
26391, 15, 0
26395, 1, 0
26396, 4, 0
26398, 5, 0
26399, 4, 0
26402, 1, 0
26403, 1, 0
26407, 1, 0
26410, 7, 0
26411, 7, 0
26417, 1, 0
26419, 1, 0
26429, 2, 0
26430, 14, 0
26431, 18, 0
26432, 3, 0
26435, 1, 0
26436, 4, 0
26437, 31, 1
26784, 1, 0
26790, 1, 0
26791, 2, 0
26798, 3, 0
26800, 3, 0
26804, 1, 0
26805, 1, 0
26808, 11, 0
26809, 0, 1
26816, 1, 1
26820, 1, 0
26821, 2, 0
26822, 2, 0
26825, 1, 0
26826, 1, 0
26831, 3, 0
26834, 1, 0
26835, 1, 0
26841, 3, 0
26898, 4, 0
26900, 1, 0
26913, 5, 1
26915, 3, 0
26917, 3, 0
26918, 3, 0
26924, 2, 1
26926, 3, 0
26929, 2, 0
26938, 1, 0
26944, 1, 0
26948, 2, 1
26953, 2, 0
26954, 3, 0
26955, 1, 0
26956, 2, 0
26971, 4, 0
26972, 6, 0
26980, 1, 0
26981, 0, 1
26982, 3, 0
26985, 1, 0
26986, 11, 0
27010, 2, 1
27029, 1, 0
27082, 53, 0
27122, 12, 0
27124, 86, 2
27133, 1, 0
27140, 1, 0
27144, 1, 0
27158, 1, 0
27159, 1, 0
27161, 0, 1
27177, 2, 0
27178, 11, 0
27179, 1, 0
27180, 1, 0
27188, 6, 0
27207, 1, 1
27230, 2, 0
27234, 1, 0
27245, 1, 0
27246, 1, 0
27258, 4, 0
27262, 2, 0
27264, 5, 0
27267, 1, 0
27268, 1, 0
27269, 2, 0
27284, 1, 0
27287, 20, 0
27291, 1, 0
27292, 3, 0
27295, 4, 0
27297, 3, 0
27298, 2, 0
27299, 5, 0
27300, 1, 0
27301, 1, 0
27306, 3, 0
27308, 1, 0
27309, 1, 0
27314, 6, 0
27317, 3, 0
27320, 1, 0
27323, 26, 1
27341, 2, 0
27348, 38, 0
27354, 2, 0
27356, 38, 0
27396, 0, 2
27400, 3, 0
27401, 6, 0
27403, 1, 0
27404, 3, 0
27405, 1, 0
27406, 1, 0
27407, 3, 0
27411, 1, 0
27412, 1, 0
27416, 18, 19
27583, 2, 0
27589, 9, 0
27614, 1, 0
27618, 2, 0
27623, 11, 0
27652, 1, 0
27662, 1, 0
27665, 2, 0
27670, 1, 0
27689, 1, 0
27690, 1, 0
27692, 0, 1
27697, 1, 0
27698, 1, 0
27699, 1, 0
27714, 8, 0
27719, 2, 0
27722, 1, 0
27723, 5, 0
27724, 1, 0
27727, 12, 0
27728, 7, 0
27729, 5, 0
27730, 3, 0
27732, 1, 0
27736, 6, 0
27750, 5, 3
27752, 1, 0
27755, 25, 1
27774, 2, 0
27777, 1, 0
27779, 1, 0
27780, 1, 0
27785, 16, 0
27786, 4, 0
27796, 0, 1
27797, 1, 1
27798, 1, 0
27800, 3, 0
27801, 1, 1
27802, 0, 1
27804, 2, 0
27825, 2, 0
27826, 5, 0
27829, 3, 0
27831, 1, 2
27837, 3, 0
27840, 2, 0
27844, 1, 1
27876, 1, 1
27880, 1, 0
27894, 2, 0
27896, 1, 0
27901, 2, 0
27902, 1, 0
27903, 1, 0
27904, 2, 0
27907, 2, 0
27933, 1, 0
27934, 1, 0
27935, 2, 0
27944, 1, 0
27962, 1, 0
27970, 1, 0
27975, 1, 0
27983, 1, 0
27984, 1, 0
27985, 1, 0
27986, 1, 0
27988, 1, 0
28063, 1, 0
28069, 3, 0
28073, 1, 0
28074, 8, 1
28082, 2, 0
28083, 5, 0
28085, 0, 1
28096, 1, 0
28105, 4, 0
28109, 5, 0
28111, 3, 0
28112, 3, 0
28114, 2, 0
28117, 1, 0
28124, 1, 0
28149, 134, 3
28294, 66, 2
28306, 1, 0
28307, 3, 0
28310, 0, 2
28315, 31, 0
28322, 7, 0
28325, 2, 0
28327, 3, 0
28340, 9, 1
28342, 2, 0
28343, 2, 0
28344, 1, 1
28351, 1, 0
28352, 1, 0
28354, 3, 0
28360, 9, 0
28361, 1, 0
28362, 2, 0
28370, 3, 0
28372, 1, 0
28375, 1, 0
28377, 1, 0
28383, 1, 0
28403, 1, 0
28407, 2, 0
28416, 1, 0
28418, 1, 0
28419, 2, 0
28426, 1, 0
28441, 8, 1
28455, 1, 0
28472, 10, 0
28478, 0, 1
28479, 1, 0
28486, 4, 0
28490, 4, 0
28493, 0, 1
28494, 4, 0
28495, 1, 0
28504, 3, 0
28507, 1, 0
28508, 2, 0
28510, 6, 0
28515, 1, 1
28516, 1, 1
28517, 2, 0
28528, 2, 0
28532, 1, 1
28534, 0, 2
28535, 1, 0
28544, 2, 0
28546, 1, 0
28549, 1, 0
28550, 2, 0
28551, 1, 0
28552, 3, 1
28561, 1, 0
28562, 7, 0
28564, 3, 0
28566, 4, 0
28568, 4, 0
28569, 1, 0
28572, 4, 0
28574, 1, 0
28579, 5, 0
28581, 1, 0
28586, 22, 0
28591, 1, 0
28596, 0, 1
28598, 1, 0
28621, 1, 0
28622, 3, 0
28626, 1, 0
28633, 2, 0
28634, 1, 0
28635, 1, 0
28660, 5, 0
28787, 2, 0
28793, 1, 0
28794, 1, 0
28796, 3, 0
28804, 2, 0
28807, 1, 0
28809, 1, 0
28813, 1, 0
28817, 1, 0
28818, 1, 0
28821, 1, 0
28823, 1, 0
28834, 4, 1
28837, 1, 0
28841, 1, 0
28842, 2, 0
28850, 1, 0
28852, 1, 0
28853, 4, 0
28854, 1, 0
28855, 2, 0
28856, 1, 0
28864, 1, 0
28865, 1, 0
28866, 1, 0
28867, 1, 0
28877, 2, 0
28884, 3, 0
28889, 2, 0
28893, 5, 0
28895, 1, 0
28896, 1, 0
28897, 1, 1
28899, 1, 0
28901, 1, 0
28902, 1, 0
28930, 3, 0
28931, 1, 0
28934, 3, 0
28936, 2, 0
28941, 2, 0
28943, 5, 0
29003, 3, 0
29015, 1, 0
29021, 1, 0
29024, 13, 0
29025, 1, 0
29042, 1, 0
29050, 1, 0
29058, 3, 1
29071, 2, 0
29072, 1, 0
29076, 3, 0
29082, 6, 0
29084, 3, 0
29092, 2, 0
29093, 3, 0
29094, 1, 0
29095, 3, 1
29098, 2, 0
29100, 18, 2
29108, 2, 0
29113, 1, 0
29116, 1, 0
29117, 3, 0
29118, 1, 0
29119, 2, 2
29122, 1, 0
29123, 3, 0
29136, 1, 1
29260, 1, 2
29262, 3, 0
29265, 1, 0
29269, 1, 0
29272, 1, 0
29273, 1, 0
29275, 1, 0
29288, 1, 0
29289, 2, 0
29291, 1, 1
29294, 1, 0
29295, 1, 0
29302, 2, 0
29303, 1, 0
29304, 55, 10
29570, 3, 0
29619, 1, 0
29621, 8, 0
29634, 5, 0
29663, 1, 0
29665, 2, 0
29674, 1, 0
29688, 5, 0
29693, 10, 0
29695, 5, 0
29697, 13, 0
29708, 6, 0
29710, 1, 0
29771, 3, 0
29907, 1, 0
29918, 1, 0
29922, 4, 0
29926, 3, 0
29929, 1, 0
29930, 1, 0
29945, 2, 0
29947, 1, 0
29949, 1, 0
29951, 1, 0
29954, 0, 2
29955, 3, 0
29956, 2, 0
30326, 1, 0
30356, 2, 0
30361, 1, 0
30364, 1, 0
30378, 1, 0
30539, 1, 0
30558, 0, 1
30560, 1, 0
30561, 1, 0
30562, 1, 0
30564, 6, 0
30565, 1, 0
30566, 3, 0
30570, 16, 1
30573, 2, 0
30574, 1, 0
30582, 1, 0
30583, 19, 1
30584, 2, 1
30612, 1, 0
30618, 3, 0
30627, 0, 1
30628, 8, 0
30629, 1, 0
30630, 1, 0
30636, 1, 0
30829, 1, 0
30830, 1, 0
30833, 1, 0
30834, 2, 0
30835, 1, 2
30836, 1, 0
30837, 2, 0
30839, 10, 0
30840, 4, 0
30841, 1, 0
30842, 1, 0
30844, 1, 0
30845, 4, 0
30846, 1, 0
30847, 1, 0
30848, 1, 0
30849, 0, 1
30851, 2, 0
30853, 2, 0
30854, 3, 0
30858, 5, 0
30864, 1, 0
30865, 5, 0
30867, 3, 0
30868, 3, 0
30878, 1, 0
30879, 1, 0
30881, 1, 0
30886, 1, 0
30890, 2, 0
30906, 3, 0
30911, 3, 1
30916, 1, 0
30918, 0, 1
30926, 2, 0
30932, 10, 0
30936, 1, 0
30952, 5, 0
30996, 1, 0
30997, 1, 0
30999, 5, 1
31005, 1, 0
31007, 1, 0
31008, 3, 0
31009, 4, 0
31010, 1, 0
31013, 1, 0
31015, 1, 0
31020, 1, 0
31025, 0, 1
31041, 0, 1
31044, 5, 0
31045, 1, 0
31167, 2, 0
31181, 1, 0
31183, 9, 3
31193, 5, 0
31198, 3, 0
31200, 10, 1
31201, 1, 0
31202, 2, 0
31203, 2, 0
31204, 2, 0
31205, 4, 0
31219, 2, 0
31220, 5, 0
31221, 2, 0
31222, 4, 0
31223, 4, 0
31224, 4, 0
31225, 1, 0
31226, 3, 0
31228, 2, 0
31232, 25, 0
31234, 2, 0
31246, 4, 0
31247, 3, 0
31299, 16, 0
31346, 3, 0
31347, 2, 0
31349, 1, 0
31352, 13, 0
31369, 12, 0
31373, 1, 1
31374, 4, 0
31401, 4, 0
31402, 3, 0
31405, 1, 0
31408, 1, 0
31409, 1, 0
31411, 1, 0
31437, 1, 0
31441, 74, 5
31449, 1, 1
31450, 3, 0
31461, 4, 0
31468, 1, 0
31475, 1, 0
31492, 4, 0
31504, 1, 0
31505, 2, 0
31599, 3, 0
31603, 2, 0
31604, 1, 0
31605, 1, 0
31606, 2, 0
31613, 12, 0
31614, 4, 0
31615, 2, 0
31616, 3, 0
31633, 1, 0
31639, 1, 1
31640, 1, 1
31641, 2, 0
31642, 2, 0
31652, 5, 2
31654, 1, 0
31661, 16, 0
31662, 4, 1
31670, 1, 0
31671, 7, 0
31672, 1, 1
31674, 1, 0
31676, 2, 0
31684, 1, 0
31686, 1, 0
31687, 1, 0
31689, 2, 0
31693, 5, 0
31694, 1, 0
31700, 3, 0
31702, 4, 0
31713, 3, 0
31714, 1, 0
31728, 2, 0
31732, 2, 0
31736, 2, 1
31738, 1, 0
31740, 2, 0
31746, 1, 0
31748, 2, 0
31760, 6, 0
31761, 1, 0
31823, 5, 0
31825, 46, 4
31826, 2, 0
31829, 0, 1
31834, 2, 0
31835, 2, 0
31839, 1, 0
31842, 5, 0
31852, 1, 1
31853, 4, 0
31854, 5, 0
31858, 1, 1
31859, 6, 0
31860, 1, 0
31865, 1, 0
31906, 1, 0
31907, 1, 0
31913, 1, 0
31917, 1, 0
31918, 2, 0
31919, 2, 0
31920, 2, 0
31921, 3, 0
31922, 2, 0
31925, 1, 0
31927, 2, 0
31929, 3, 0
31931, 1, 0
31936, 2, 0
31939, 1, 1
31942, 3, 1
31945, 2, 0
31960, 5, 0
31969, 3, 0
31974, 1, 1
31976, 1, 1
31983, 15, 1
31987, 1, 0
31989, 2, 0
31990, 9, 1
31992, 3, 0
31993, 4, 1
31994, 1, 0
31995, 2, 0
31996, 4, 0
31999, 1, 0
32006, 1, 0
32009, 1, 0
32010, 1, 0
32029, 1, 0
32030, 1, 0
32032, 4, 0
32064, 2, 0
32065, 3, 0
32066, 1, 0
32086, 1, 0
32087, 2, 0
32092, 2, 0
32093, 1, 0
32094, 1, 0
32109, 1, 0
32112, 1, 0
32114, 4, 0
32141, 2, 0
32145, 1, 0
32147, 1, 0
32156, 1, 0
32174, 6, 0
32222, 1, 0
32223, 2, 1
32224, 1, 0
32231, 1, 0
32234, 2, 0
32236, 8, 0
32243, 1, 0
32264, 2, 0
32269, 1, 0
32270, 279, 16
32283, 0, 1
32292, 1, 0
32299, 1, 0
32303, 3, 0
32304, 1, 0
32305, 2, 0
32306, 2, 0
32307, 1, 0
32308, 1, 0
32310, 2, 0
32377, 1, 0
32378, 1, 0
32379, 1, 0
32385, 1, 0
32395, 1, 0
32398, 3, 1
32399, 1, 0
32401, 1, 0
32402, 1, 0
32410, 1, 0
32411, 1, 0
32419, 2, 0
32423, 2, 0
32424, 2, 0
32456, 3, 0
32474, 1, 0
32529, 1, 0
32541, 2, 0
32542, 3, 0
32568, 1, 1
32573, 1, 0
32580, 2, 0
32586, 2, 1
32588, 2, 0
32589, 1, 0
32620, 1, 0
32621, 2, 0
32622, 2, 0
32623, 2, 0
32630, 2, 0
32634, 13, 2
32637, 1, 0
32640, 1, 0
32642, 65, 13
32985, 2, 1
32986, 1, 0
32987, 2, 0
32993, 1, 0
32997, 4, 0
33001, 1, 0
33002, 1, 0
33012, 1, 0
33031, 1, 0
33032, 2, 0
33033, 2, 1
33035, 1, 0
33038, 1, 0
33039, 2, 0
33040, 1, 0
33054, 99, 9
33058, 1, 0
33060, 1, 0
33061, 1, 0
33062, 1, 0
33063, 1, 0
33064, 1, 0
33079, 1, 0
33080, 6, 0
33095, 1, 0
33102, 1, 0
33111, 32, 0
33115, 2, 1
33117, 1, 0
33118, 2, 0
33119, 0, 1
33120, 1, 0
33125, 4, 0
33129, 1, 0
33140, 1, 0
33141, 1, 0
33142, 1, 0
33146, 42, 4
33147, 33, 3
33148, 10, 0
33149, 18, 0
33150, 23, 1
33151, 16, 0
33152, 5, 0
33153, 6, 0
33154, 8, 0
33155, 9, 0
33156, 1, 0
33161, 1, 0
33166, 2, 1
33169, 2, 0
33173, 1, 0
33175, 1, 0
33176, 1, 0
33189, 1, 0
33193, 1, 0
33194, 4, 0
33206, 2, 0
33209, 1, 1
33212, 1, 0
33217, 4, 0
33222, 1, 0
33223, 2, 0
33229, 8, 3
33230, 3, 2
33231, 7, 2
33232, 5, 2
33233, 7, 3
33234, 6, 1
33235, 9, 1
33236, 3, 2
33237, 7, 1
33238, 5, 1
33239, 9, 3
33240, 4, 1
33241, 17, 0
33243, 8, 1
33245, 9, 1
33247, 3, 0
33248, 82, 2
33249, 24, 1
33253, 0, 1
33255, 2, 0
33261, 2, 0
33273, 1, 0
33283, 1, 0
33287, 3, 0
33321, 0, 1
33322, 2, 0
33323, 10, 0
33324, 3, 1
33326, 4, 0
33329, 16, 0
33339, 2, 0
33340, 4, 1
33341, 1, 0
33352, 1, 0
33354, 4, 0
33362, 1, 0
33411, 6, 1
33423, 10, 0
33590, 1, 0
33592, 4, 0
33616, 2, 0
33618, 0, 1
33619, 2, 0
33620, 1, 0
33626, 1, 0
33631, 1, 0
33632, 1, 1
33642, 88, 11
33878, 1, 0
33886, 1, 0
33895, 1, 0
33896, 3, 0
33934, 1, 0
33935, 1, 0
33937, 1, 0
33978, 1, 0
33980, 1, 0
33983, 1, 0
33986, 1, 0
33987, 1, 0
33988, 2, 0
33989, 6, 0
33993, 1, 0
33996, 8, 0
34005, 14, 0
34012, 1, 0
34019, 1, 0
34025, 2, 0
34026, 29, 3
34037, 1, 0
34038, 1, 0
34039, 4, 0
34056, 3, 1
34057, 2, 0
34059, 1, 0
34060, 2, 0
34061, 2, 0
34063, 4, 0
34072, 3, 0
34073, 2, 0
34074, 4, 0
34075, 2, 0
34076, 2, 1
34080, 1, 0
34091, 1, 0
34095, 5, 0
34099, 1, 0
34102, 1, 0
34105, 5, 0
34108, 1, 0
34109, 1, 0
34114, 0, 1
34121, 1, 0
34130, 1, 0
34133, 1, 0
34138, 2, 1
34145, 1, 0
34147, 1, 0
34148, 6, 0
34150, 2, 0
34156, 2, 0
34160, 1, 0
34165, 2, 0
34173, 4, 0
34174, 1, 0
34176, 1, 0
34182, 2, 0
34186, 1, 0
34195, 1, 0
34197, 2, 0
34206, 1, 0
34207, 1, 0
34208, 1, 0
34209, 1, 0
34210, 1, 0
34211, 4, 0
34213, 2, 0
34214, 1, 0
34215, 3, 1
34216, 0, 1
34218, 1, 0
34220, 1, 0
34223, 4, 0
34225, 1, 0
34226, 1, 0
34230, 6, 1
34232, 3, 0
34236, 1, 0
34247, 3, 1
34248, 2, 0
34249, 0, 1
34257, 1, 0
34260, 1, 1
34265, 1, 0
34269, 1, 0
34277, 1, 0
34287, 7, 0
34292, 1, 0
34293, 1, 0
34294, 1, 0
34295, 1, 0
34297, 2, 0
34299, 1, 1
34300, 2, 0
34302, 1, 0
34303, 1, 0
34305, 1, 0
34310, 1, 0
34311, 1, 0
34313, 3, 0
34314, 1, 0
34318, 1, 0
34327, 4, 0
34331, 1, 0
34333, 1, 0
34345, 7, 2
34346, 12, 0
34347, 1, 0
34364, 1, 0
34365, 3, 0
34396, 2, 1
34422, 1, 0
34423, 1, 0
34425, 3, 0
34426, 1, 0
34429, 7, 0
34430, 7, 0
34431, 7, 1
34432, 8, 0
34433, 12, 2
34434, 10, 2
34435, 2, 0
34436, 2, 0
34442, 3, 0
34449, 1, 0
34451, 7, 0
34463, 2, 0
34464, 1, 0
34475, 1, 1
34480, 1, 0
34483, 4, 0
34498, 19, 0
34500, 1, 0
34502, 2, 0
34503, 2, 0
34516, 16, 0
34518, 1, 1
34521, 3, 0
34522, 1, 0
34523, 1, 0
34524, 2, 0
34525, 4, 0
34527, 3, 0
34528, 1, 0
34529, 2, 0
34530, 1, 0
34531, 2, 0
34532, 2, 0
34534, 1, 0
34535, 1, 0
34536, 9, 0
34542, 5, 1
34548, 3, 0
34549, 2, 0
34550, 2, 0
34558, 1, 0
34562, 7, 0
34569, 1, 0
34572, 1, 0
34575, 3, 0
34576, 6, 0
34577, 4, 0
34579, 8, 0
34580, 15, 1
34581, 5, 0
34582, 3, 0
34583, 19, 0
34584, 3, 0
34586, 1, 0
34587, 3, 0
34591, 7, 1
34592, 1, 0
34599, 2, 0
34613, 3, 0
34615, 1, 0
34620, 0, 1
34628, 18, 1
34632, 1, 0
34633, 1, 0
34634, 1, 1
34635, 1, 0
34637, 2, 0
34642, 1, 0
34645, 1, 0
34646, 1, 0
34647, 2, 0
34648, 1, 0
34651, 1, 1
34687, 3, 0
34688, 5, 0
34689, 4, 2
34690, 1, 0
34695, 1, 0
34700, 3, 1
34701, 1, 0
34714, 12, 1
34716, 3, 0
34718, 9, 0
34730, 5, 0
34735, 3, 0
34736, 1, 0
34741, 1, 0
34748, 11, 0
34751, 3, 0
34752, 2, 0
34763, 2, 0
34764, 1, 0
34769, 3, 0
34780, 4, 0
34782, 1, 0
34795, 4, 0
34797, 5, 0
34798, 1, 0
34799, 2, 0
34800, 5, 0
34801, 1, 0
34802, 1, 0
34803, 1, 0
34808, 9, 0
34810, 7, 0
34817, 51, 3
34832, 18, 1
34847, 1, 0
34848, 1, 0
34861, 26, 0
34863, 1, 0
34865, 4, 0
34867, 2, 0
34869, 4, 0
34870, 1, 0
34871, 10, 0
34882, 5, 0
34884, 2, 0
34886, 7, 1
34887, 4, 0
34895, 3, 0
34899, 1, 0
34902, 2, 0
34904, 2, 0
34905, 1, 0
34906, 0, 1
34912, 1, 0
34920, 2, 0
34921, 2, 0
34923, 2, 0
34924, 155, 6
34950, 90, 1
34954, 20, 1
34958, 17, 1
34963, 1, 0
34964, 2, 0
34966, 1, 1
34973, 1, 0
34974, 2, 0
34982, 14, 1
34983, 3, 0
34984, 2, 0
34985, 3, 0
34986, 1, 0
34987, 0, 1
34988, 1, 0
34989, 1, 1
34990, 2, 0
34991, 2, 0
34993, 2, 0
35000, 1, 0
35002, 2, 0
35004, 1, 0
35005, 1, 0
35012, 2, 0
35014, 1, 0
35015, 1, 0
35016, 2, 0
35017, 9, 0
35021, 2, 0
35027, 5, 0
35040, 3, 0
35041, 1, 0
35042, 2, 0
35043, 2, 1
35044, 2, 0
35045, 1, 0
35046, 1, 0
35048, 1, 1
35050, 3, 0
35051, 1, 1
35055, 2, 0
35066, 8, 0
35067, 1, 0
35068, 22, 0
35133, 2, 0
35134, 4, 0
35137, 1, 0
35141, 1, 0
35151, 1, 0
35152, 2, 0
35175, 0, 1
35183, 1, 0
35185, 1, 0
35186, 1, 0
35188, 3, 0
35190, 5, 0
35196, 1, 0
35197, 4, 0
35199, 1, 0
35200, 1, 0
35201, 1, 0
35208, 3, 0
35209, 1, 0
35210, 4, 0
35237, 1, 0
35238, 1, 0
35239, 1, 0
35248, 1, 0
35261, 1, 0
35265, 3, 0
35267, 1, 0
35270, 1, 0
35275, 0, 1
35278, 4, 0
35279, 2, 0
35290, 1, 0
35296, 5, 0
35297, 0, 1
35298, 1, 0
35303, 1, 0
35320, 1, 0
35326, 1, 0
35330, 1, 0
35332, 4, 0
35343, 3, 0
35345, 1, 0
35347, 0, 1
35356, 1, 0
35374, 3, 0
35376, 68, 4
35381, 6, 0
35394, 1, 1
35395, 2, 0
35398, 3, 0
35401, 2, 0
35407, 5, 0
35417, 2, 0
35423, 2, 0
35424, 1, 0
35429, 1, 0
35444, 5, 0
35451, 7, 1
35455, 2, 0
35466, 1, 0
35469, 3, 0
35493, 1, 0
35494, 2, 0
35498, 35, 1
35499, 10, 0
35502, 5, 0
35507, 1, 0
35508, 2, 0
35511, 1, 0
35520, 1, 0
35524, 3, 0
35525, 5, 0
35526, 6, 0
35528, 13, 1
35529, 4, 0
35531, 17, 0
35532, 3, 0
35533, 3, 0
35539, 1, 0
35540, 22, 1
35625, 9, 1
35626, 1, 0
35627, 1, 0
35632, 3, 0
35634, 1, 0
35636, 2, 0
35643, 1, 0
35644, 1, 1
35645, 3, 0
35647, 1, 0
35648, 5, 0
35649, 2, 0
35652, 2, 0
35654, 1, 0
35655, 2, 1
35659, 1, 0
35683, 1, 0
35684, 1, 0
35708, 9, 0
35716, 3, 0
35720, 1, 0
35722, 1, 0
35733, 5, 2
35751, 2, 0
35752, 2, 1
35754, 7, 0
35768, 2, 0
35788, 19, 1
35790, 13, 1
35791, 5, 0
35792, 18, 2
35793, 5, 0
35794, 1, 0
35815, 1, 0
35818, 1, 0
35819, 2, 0
35824, 1, 0
35828, 5, 0
35846, 1, 0
35851, 2, 0
35864, 1, 0
35865, 1, 0
35867, 1, 0
35869, 1, 0
35872, 0, 1
35874, 1, 0
35885, 1, 0
35886, 3, 0
35896, 1, 0
35897, 6, 0
35899, 3, 0
35901, 1, 0
35903, 4, 0
35908, 2, 0
35914, 3, 1
35916, 10, 0
35919, 1, 0
35921, 1, 0
35924, 1, 0
35925, 2, 0
35926, 1, 0
35929, 4, 0
35930, 3, 0
35932, 1, 0
35938, 1, 0
35940, 5, 0
35952, 7, 0
35955, 3, 0
35965, 2, 0
35966, 1, 0
35968, 1, 0
35969, 2, 1
35970, 2, 0
35971, 1, 0
35972, 1, 0
35973, 3, 1
35988, 2, 0
35990, 2, 0
35991, 2, 0
35994, 1, 0
35996, 1, 0
36001, 1, 0
36002, 1, 0
36005, 4, 0
36014, 2, 0
36020, 6, 0
36021, 1, 0
36023, 3, 0
36031, 7, 0
36036, 1, 0
36049, 1, 0
36050, 9, 1
36074, 1, 0
36090, 1, 1
36103, 0, 1
36106, 1, 0
36109, 1, 0
36112, 2, 0
36114, 1, 0
36124, 1, 0
36135, 1, 0
36152, 6, 0
36154, 1, 0
36162, 1, 0
36173, 1, 0
36174, 2, 0
36176, 1, 0
36177, 1, 0
36179, 1, 0
36180, 1, 0
36182, 1, 0
36185, 2, 0
36187, 1, 0
36207, 4, 0
36208, 1, 0
36213, 2, 1
36222, 1, 0
36237, 6, 0
36240, 1, 0
36241, 1, 0
36250, 1, 3
36252, 1, 0
36267, 11, 0
36272, 1, 0
36280, 1, 0
36281, 3, 0
36285, 2, 0
36291, 1, 0
36296, 1, 0
36301, 2, 0
36303, 1, 0
36306, 3, 0
36311, 3, 0
36321, 1, 0
36326, 4, 0
36332, 1, 0
36337, 1, 0
36338, 1, 0
36339, 1, 0
36340, 1, 0
36348, 2, 0
36350, 2, 0
36360, 1, 0
36367, 0, 1
36376, 1, 0
36386, 2, 0
36392, 2, 0
36410, 1, 0
36422, 1, 0
36424, 3, 0
36429, 19, 2
36463, 14, 0
36470, 1, 0
36472, 1, 0
36476, 2, 0
36477, 1, 0
36480, 45, 5
36488, 1, 0
36489, 1, 0
36498, 1, 0
36500, 6, 0
36505, 2, 0
36507, 1, 0
36511, 1, 1
36544, 2, 0
36551, 3, 2
36562, 1, 0
36568, 1, 0
36569, 3, 0
36570, 1, 0
36571, 1, 0
36573, 1, 0
36574, 1, 0
36575, 8, 1
36577, 1, 0
36602, 6, 0
36610, 5, 0
36613, 1, 0
36620, 1, 0
36623, 1, 0
36626, 1, 0
36629, 1, 1
36635, 2, 0
36636, 2, 0
36646, 6, 3
36658, 1, 0
36674, 7, 0
36685, 1, 0
36686, 4, 0
36701, 1, 0
36714, 2, 0
36724, 2, 0
36725, 2, 1
36731, 10, 2
36735, 3, 0
36746, 1, 0
36752, 0, 1
36761, 2, 0
36772, 2, 0
36783, 1, 1
36789, 1, 0
36816, 2, 0
36820, 1, 0
36822, 1, 0
36826, 2, 0
36828, 2, 1
36858, 2, 0
36871, 2, 0
36885, 2, 0
36887, 3, 1
36888, 1, 0
36889, 1, 1
36891, 1, 0
36892, 1, 0
36894, 1, 0
36895, 1, 0
36898, 1, 0
36900, 1, 0
36902, 1, 0
36905, 1, 0
36906, 1, 0
36913, 1, 0
36916, 1, 0
36917, 1, 0
36918, 1, 0
36919, 3, 0
36923, 1, 0
36926, 0, 1
36927, 7, 0
36954, 1, 0
36957, 2, 0
36959, 1, 0
36961, 5, 0
36963, 1, 0
36965, 2, 0
36966, 2, 1
36967, 1, 1
36971, 2, 0
36975, 3, 0
36976, 8, 0
36992, 2, 0
36997, 6, 0
37004, 2, 0
37007, 2, 0
37008, 8, 0
37009, 6, 0
37011, 1, 0
37012, 1, 0
37018, 1, 0
37089, 4, 0
37094, 5, 1
37095, 1, 0
37096, 1, 0
37100, 1, 0
37103, 4, 2
37115, 2, 0
37118, 1, 0
37119, 1, 1
37124, 5, 0
37125, 2, 0
37131, 2, 0
37137, 1, 0
37138, 12, 0
37139, 1, 0
37143, 2, 0
37144, 1, 0
37145, 1, 0
37151, 1, 0
37153, 1, 0
37155, 5, 1
37221, 2, 0
37222, 1, 1
37230, 1, 0
37235, 1, 0
37255, 1, 0
37260, 49, 1
37326, 5, 0
37328, 3, 0
37335, 0, 1
37337, 1, 0
37338, 1, 0
37339, 1, 0
37348, 2, 0
37350, 0, 1
37352, 1, 1
37362, 2, 1
37378, 1, 0
37383, 2, 0
37384, 2, 0
37392, 3, 0
37397, 2, 0
37410, 5, 0
37415, 3, 0
37426, 1, 0
37427, 4, 0
37435, 3, 0
37439, 12, 0
37445, 5, 1
37446, 1, 0
37448, 1, 0
37449, 1, 0
37450, 1, 0
37451, 2, 0
37456, 3, 0
37457, 2, 0
37459, 2, 0
37462, 4, 0
37464, 3, 0
37470, 1, 0
37548, 1, 0
37551, 2, 0
37552, 2, 0
37557, 8, 0
37558, 2, 0
37562, 2, 0
37567, 3, 0
37571, 3, 0
37572, 1, 0
37575, 1, 0
37576, 1, 0
37601, 1, 0
37610, 2, 1
37611, 1, 0
37620, 0, 1
37622, 4, 0
37623, 1, 0
37624, 3, 0
37630, 4, 0
37631, 2, 0
37639, 27, 0
37651, 41, 1
37653, 6, 0
37672, 6, 0
37697, 1, 0
37709, 13, 1
37732, 16, 1
37734, 26, 1
37737, 11, 2
37739, 1, 0
37749, 1, 0
37763, 2, 0
37769, 0, 1
37774, 2, 0
37778, 2, 0
37781, 1, 0
37785, 5, 0
37789, 5, 0
37793, 35, 5
37798, 1, 0
37804, 3, 0
37806, 3, 0
37807, 17, 1
37942, 23, 0
37943, 10, 0
37951, 23, 0
37969, 2, 0
37971, 1, 1
37972, 1, 0
37973, 1, 0
37978, 1, 0
37981, 4, 1
38019, 1, 0
38029, 1, 1
38043, 1, 0
38063, 1, 0
38068, 1, 0
38082, 1, 0
38083, 1, 2
38112, 2, 2
38113, 3, 0
38114, 2, 0
38119, 10, 0
38124, 16, 5
38200, 1, 0
38205, 8, 3
38206, 3, 0
38209, 1, 0
38212, 1, 0
38237, 4, 0
38239, 1, 0
38242, 1, 0
38268, 8, 2
38279, 8, 0
38357, 2, 0
38360, 1, 1
38368, 1, 0
38372, 1, 0
38375, 1, 0
38376, 1, 0
38379, 1, 0
38385, 1, 0
38386, 1, 0
38388, 0, 1
38390, 1, 0
38391, 30, 1
38392, 25, 4
38398, 2, 0
38403, 0, 1
38409, 2, 0
38416, 1, 1
38427, 1, 0
38429, 0, 1
38439, 2, 0
38468, 18, 1
38469, 16, 0
38470, 32, 0
38478, 1, 0
38479, 1, 0
38480, 15, 1
38481, 10, 2
38482, 16, 1
38587, 3, 1
38589, 4, 0
38603, 1, 0
38604, 1, 0
38605, 4, 0
38617, 1, 0
38632, 2, 0
38641, 1, 0
38644, 2, 0
38648, 1, 0
38649, 2, 0
38655, 5, 0
38656, 4, 1
38657, 5, 0
38658, 1, 0
38659, 5, 0
38704, 57, 0
38706, 4, 0
38707, 13, 1
38708, 5, 0
38710, 24, 1
38711, 0, 1
38713, 3, 0
38714, 2, 0
38717, 1, 1
38718, 10, 1
38719, 40, 3
38720, 3, 0
38721, 6, 0
38722, 6, 0
38723, 13, 1
38725, 17, 1
38726, 2, 2
38738, 0, 1
38751, 18, 0
38752, 1, 0
38753, 1, 0
38755, 1, 0
38764, 2, 0
38782, 3, 0
38799, 1, 0
38800, 2, 0
38804, 0, 1
38805, 2, 0
38807, 1, 0
38808, 3, 0
38809, 1, 0
38813, 1, 0
38814, 1, 0
38816, 1, 0
38840, 3, 0
38841, 2, 0
38845, 3, 0
38849, 1, 0
38852, 4, 0
38857, 1, 0
38860, 14, 1
38943, 4, 0
38949, 1, 0
38957, 1, 1
38960, 1, 0
38962, 0, 1
38963, 0, 1
38964, 4, 0
38967, 1, 0
38968, 2, 0
38972, 31, 2
38985, 1, 0
38989, 3, 0
38992, 1, 1
38998, 1, 0
39001, 1, 1
39007, 3, 0
39011, 1, 0
39012, 1, 0
39138, 2, 0
39141, 1, 0
39143, 6, 1
39146, 2, 0
39149, 1, 1
39151, 1, 0
39152, 2, 0
39155, 1, 0
39159, 1, 0
39160, 4, 0
39177, 4, 0
39182, 5, 0
39183, 4, 0
39186, 1, 0
39187, 1, 0
39188, 1, 0
39191, 1, 0
39195, 2, 0
39216, 2, 0
39217, 1, 0
39221, 1, 0
39222, 1, 0
39223, 1, 0
39227, 3, 0
39229, 1, 0
39230, 2, 0
39232, 2, 0
39233, 2, 0
39252, 7, 1
39261, 1, 0
39262, 124, 5
39264, 54, 11
39322, 5, 0
39323, 8, 0
39324, 6, 0
39325, 9, 0
39326, 3, 0
39327, 6, 1
39328, 1, 0
39329, 5, 1
39330, 12, 1
39331, 24, 1
39332, 20, 3
39333, 25, 2
39334, 1, 0
39337, 1, 0
39339, 10, 0
39340, 1, 0
39342, 4, 0
39353, 3, 0
39354, 2, 0
39355, 1, 0
39360, 1, 0
39361, 2, 0
39368, 1, 2
39369, 0, 1
39371, 3, 0
39373, 3, 0
39374, 1, 0
39375, 1, 0
39382, 5, 0
39384, 2, 0
39392, 4, 0
39393, 5, 1
39394, 5, 0
39395, 6, 0
39396, 6, 0
39397, 2, 3
39398, 2, 0
39401, 2, 0
39416, 1, 0
39417, 1, 0
39418, 1, 0
39419, 1, 0
39421, 2, 0
39429, 1, 0
39445, 3, 0
39447, 5, 0
39448, 2, 0
39449, 5, 0
39450, 5, 0
39472, 2, 0
39473, 5, 0
39474, 3, 0
39476, 3, 1
39478, 1, 0
39480, 2, 0
39487, 2, 0
39488, 5, 0
39511, 7, 0
39513, 1, 0
39514, 1, 0
39515, 1, 0
39518, 7, 0
39519, 1, 0
39543, 1, 0
39544, 3, 0
39555, 1, 0
39564, 1, 0
39579, 1, 0
39588, 1, 0
39598, 1, 1
39599, 2, 0
39600, 9, 0
39602, 1, 0
39608, 1, 0
39611, 2, 0
39612, 3, 0
39614, 1, 0
39615, 5, 0
39616, 1, 0
39622, 2, 0
39628, 7, 0
39630, 6, 0
39631, 7, 3
39632, 1, 1
39633, 1, 0
39641, 2, 0
39642, 1, 0
39646, 1, 0
39649, 1, 0
39654, 1, 0
39671, 0, 1
39691, 1, 0
39694, 1, 0
39695, 2, 0
39720, 5, 0
39743, 2, 0
39807, 3, 0
39861, 3, 0
39863, 8, 0
39866, 0, 1
39876, 1, 0
39877, 2, 1
39879, 25, 4
39883, 63, 2
39887, 0, 1
39888, 4, 0
39893, 1, 0
39896, 1, 0
39897, 1, 0
39898, 1, 0
39899, 1, 0
39907, 1, 0
39915, 1, 0
39926, 1, 0
39932, 3, 0
39937, 4, 0
39939, 24, 1
39951, 1, 0
39953, 2, 0
39957, 0, 1
39958, 1, 0
39968, 1, 0
39971, 1, 0
39974, 2, 0
39976, 1, 0
39981, 0, 1
39999, 1, 0
40000, 3, 0
40003, 1, 0
40009, 2, 0
40012, 2, 0
40019, 2, 0
40027, 3, 0
40057, 2, 0
40058, 3, 0
40059, 0, 2
40060, 2, 0
40061, 5, 3
40062, 3, 1
40069, 23, 2
40072, 2, 0
40080, 1, 0
40110, 2, 0
40114, 1, 0
40125, 0, 1
40129, 2, 1
40131, 2, 1
40132, 1, 0
40141, 1, 0
40145, 1, 0
40150, 2, 0
40158, 1, 0
40159, 1, 0
40180, 1, 0
40184, 1, 1
40185, 0, 1
40186, 1, 0
40189, 6, 0
40190, 2, 0
40191, 1, 0
40192, 1, 0
40193, 1, 0
40195, 1, 0
40197, 3, 0
40202, 14, 2
40204, 3, 0
40205, 3, 0
40212, 1, 0
40216, 2, 0
40223, 1, 0
40229, 1, 0
40230, 1, 0
40237, 23, 0
40252, 1, 0
40255, 1, 0
40256, 1, 0
40257, 1, 0
40265, 1, 0
40267, 2, 0
40270, 1, 0
40272, 2, 0
40276, 2, 0
40277, 1, 0
40281, 0, 1
40283, 0, 1
40288, 1, 0
40299, 1, 1
40301, 1, 0
40302, 1, 0
40303, 1, 0
40304, 2, 0
40305, 1, 0
40309, 2, 0
40311, 2, 0
40326, 1, 0
40327, 1, 0
40328, 4, 0
40330, 1, 0
40331, 6, 0
40338, 1, 0
40340, 1, 0
40345, 1, 0
40384, 1, 0
40386, 1, 0
40391, 4, 0
40398, 3, 0
40399, 1, 0
40401, 1, 0
40409, 1, 0
40420, 7, 1
40426, 2, 0
40438, 19, 0
40440, 4, 0
40441, 3, 0
40443, 1, 0
40453, 5, 0
40456, 9, 0
40462, 4, 0
40466, 3, 0
40467, 1, 0
40470, 1, 0
40472, 0, 1
40474, 4, 1
40475, 1, 0
40477, 1, 0
40484, 1, 0
40489, 1, 0
40497, 1, 0
40514, 1, 0
40515, 2, 0
40519, 5, 0
40531, 10, 0
40538, 1, 0
40539, 2, 0
40540, 1, 0
40544, 1, 0
40545, 1, 0
40550, 1, 0
40576, 1, 0
40585, 2, 0
40587, 1, 0
40590, 3, 0
40599, 1, 0
40609, 2, 0
40621, 2, 0
40622, 1, 0
40627, 1, 0
40630, 26, 1
40632, 1, 0
40634, 1, 0
40644, 1, 1
40645, 1, 1
40646, 1, 0
40649, 1, 0
40654, 1, 0
40668, 1, 0
40669, 2, 0
40680, 1, 0
40681, 3, 0
40682, 1, 0
40683, 1, 0
40684, 1, 0
40685, 2, 0
40691, 1, 0
40698, 4, 0
40702, 4, 0
40712, 4, 0
40713, 3, 0
40714, 1, 0
40728, 2, 0
40729, 8, 1
40745, 1, 0
40746, 1, 0
40747, 0, 1
40749, 1, 0
40753, 3, 0
40762, 1, 0
40774, 1, 0
40777, 4, 1
40779, 5, 0
40789, 1, 0
40804, 1, 0
40806, 2, 0
40822, 1, 0
40848, 4, 0
40853, 2, 0
40855, 1, 0
40862, 8, 0
40864, 6, 1
40865, 2, 0
40867, 61, 1
40889, 1, 0
40891, 1, 0
40897, 2, 1
40903, 1, 0
40904, 1, 0
40905, 1, 0
40918, 1, 0
40919, 15, 0
40944, 3, 0
40955, 5, 0
40960, 1, 0
40961, 1, 0
40962, 1, 0
40963, 2, 0
40968, 1, 0
40997, 40, 0
41000, 1, 0
41023, 1, 0
41111, 1, 0
41115, 5, 1
41116, 9, 0
41119, 1, 0
41123, 2, 0
41128, 9, 0
41136, 1, 0
41139, 1, 0
41146, 3, 0
41228, 1, 0
41230, 1, 0
41233, 1, 0
41234, 10, 0
41235, 8, 0
41246, 1, 0
41247, 1, 0
41264, 3, 0
41265, 1, 0
41269, 5, 1
41276, 3, 0
41279, 19, 1
41288, 1, 0
41289, 2, 0
41296, 7, 0
41297, 3, 0
41298, 4, 0
41299, 2, 0
41303, 1, 0
41307, 1, 0
41308, 1, 0
41310, 1, 2
41312, 4, 2
41314, 28, 3
41325, 15, 0
41328, 0, 1
41334, 7, 0
41340, 1, 1
41346, 2, 0
41347, 1, 0
41348, 1, 0
41370, 1, 0
41371, 7, 1
41372, 1, 0
41373, 1, 0
41376, 1, 0
41378, 16, 2
41379, 1, 0
41385, 8, 0
41397, 1, 0
41399, 2, 0
41400, 1, 0
41409, 1, 0
41410, 2, 1
41414, 1, 0
41418, 2, 0
41430, 4, 0
41431, 3, 0
41432, 0, 1
41433, 2, 0
41434, 1, 0
41435, 1, 0
41439, 1, 0
41440, 3, 0
41441, 6, 1
41448, 1, 0
41451, 1, 0
41457, 2, 0
41458, 1, 0
41460, 3, 0
41461, 1, 0
41462, 2, 0
41463, 2, 0
41464, 1, 0
41465, 1, 1
41470, 15, 1
41474, 1, 0
41475, 1, 0
41477, 1, 0
41488, 2, 0
41493, 3, 0
41495, 3, 0
41497, 6, 0
41518, 2, 0
41519, 1, 0
41569, 19, 1
41570, 7, 1
41575, 2, 0
41576, 7, 1
41579, 1, 0
41580, 1, 0
41581, 1, 0
41582, 4, 0
41583, 1, 0
41589, 1, 0
41591, 3, 1
41594, 44, 1
41608, 1, 0
41618, 5, 0
41629, 0, 1
41636, 1, 0
41640, 1, 0
41642, 10, 1
41643, 10, 0
41649, 12, 0
41660, 3, 0
41662, 1, 0
41663, 1, 0
41666, 3, 0
41671, 2, 0
41682, 1, 0
41683, 1, 0
41685, 3, 0
41686, 1, 0
41695, 1, 0
41697, 1, 0
41698, 4, 0
41740, 1, 0
41755, 1, 0
41758, 39, 1
41805, 1, 0
41806, 2, 0
41808, 1, 0
41813, 1, 0
41823, 1, 0
41824, 1, 0
41825, 7, 0
41846, 1, 0
41850, 1, 0
41851, 1, 0
41856, 1, 0
41857, 1, 0
41868, 1, 1
41870, 1, 0
41896, 1, 0
41897, 1, 0
41898, 1, 0
41900, 1, 0
41905, 1, 1
41913, 1, 1
41914, 1, 0
41931, 2, 0
41932, 3, 1
41942, 1, 0
41943, 2, 1
41948, 1, 2
41949, 1, 0
41950, 2, 0
41952, 2, 0
41971, 2, 2
41975, 1, 0
41992, 5, 3
42006, 17, 1
42012, 1, 0
42013, 1, 0
42015, 6, 0
42019, 0, 1
42020, 1, 0
42021, 4, 0
42031, 60, 2
42041, 2, 1
42056, 1, 0
42074, 1, 0
42081, 2, 0
42084, 1, 0
42085, 237, 10
42093, 192, 12
42102, 1, 0
42103, 1, 0
42121, 1, 0
42123, 0, 1
42127, 1, 0
42132, 4, 0
42135, 4, 0
42136, 1, 0
42141, 2, 0
42142, 2, 0
42168, 1, 0
42180, 1, 0
42189, 2, 1
42199, 1, 0
42202, 0, 1
42207, 2, 0
42208, 10, 2
42223, 1, 0
42224, 1, 0
42226, 5, 0
42228, 7, 0
42233, 2, 0
42240, 1, 0
42242, 3, 0
42289, 1, 0
42301, 1, 0
42303, 1, 0
42304, 2, 0
42305, 1, 0
42312, 1, 0
42313, 7, 0
42315, 1, 0
42316, 1, 0
42323, 3, 0
42327, 1, 0
42332, 1, 0
42337, 1, 0
42338, 1, 0
42339, 1, 0
42342, 1, 0
42347, 8, 1
42350, 1, 0
42355, 0, 1
42360, 3, 0
42362, 7, 0
42367, 12, 0
42375, 1, 0
42376, 3, 0
42378, 5, 0
42379, 1, 0
42380, 4, 0
42382, 1, 0
42383, 2, 0
42388, 7, 0
42389, 2, 0
42390, 1, 0
42399, 1, 0
42404, 1, 0
42413, 1, 0
42415, 1, 0
42416, 2, 0
42431, 5, 0
42437, 1, 0
42438, 1, 0
42439, 2, 1
42441, 2, 0
42444, 2, 2
42448, 2, 0
42451, 1, 0
42457, 2, 0
42465, 1, 0
42467, 1, 0
42479, 9, 0
42480, 2, 0
42481, 3, 0
42482, 1, 0
42487, 2, 0
42488, 3, 0
42499, 1, 0
42502, 2, 0
42505, 1, 0
42508, 22, 0
42531, 1, 0
42532, 4, 0
42587, 1, 0
42590, 1, 0
42591, 1, 0
42592, 1, 0
42593, 4, 0
42594, 2, 0
42595, 1, 0
42607, 2, 0
42608, 4, 0
42610, 4, 0
42611, 5, 0
42612, 4, 0
42634, 1, 0
42636, 2, 0
42637, 1, 0
42641, 1, 0
42642, 2, 0
42643, 2, 0
42654, 14, 0
42656, 1, 0
42664, 1, 0
42668, 4, 0
42676, 1, 0
42678, 3, 0
42680, 8, 0
42681, 4, 0
42690, 4, 0
42692, 1, 0
42694, 2, 0
42709, 1, 0
42710, 1, 4
42712, 1, 0
42713, 1, 0
42720, 1, 0
42730, 1, 0
42732, 4, 0
42733, 4, 0
42734, 1, 0
42740, 1, 0
42767, 1, 0
42768, 5, 0
42769, 8, 0
42770, 6, 0
42792, 1, 0
42801, 3, 0
42805, 1, 0
42806, 1, 0
42807, 1, 0
42808, 1, 0
42849, 2, 0
42870, 0, 1
42871, 0, 1
42873, 2, 0
42875, 2, 0
42877, 1, 0
42878, 2, 0
42879, 1, 0
42880, 2, 1
42881, 2, 0
42891, 1, 0
42897, 1, 0
42898, 1, 0
42899, 1, 0
42912, 1, 0
42914, 12, 2
42919, 1, 0
42923, 1, 0
42927, 1, 0
42928, 1, 0
42929, 3, 0
42942, 3, 0
42945, 2, 0
42948, 1, 0
42950, 1, 0
42951, 1, 0
42952, 1, 0
42954, 1, 0
42956, 2, 0
42957, 2, 0
42967, 2, 1
42968, 1, 0
42969, 1, 1
42972, 21, 0
42976, 16, 0
42977, 8, 1
42980, 1, 0
42985, 1, 0
42986, 1, 0
42987, 1, 0
42993, 1, 0
42994, 1, 0
42999, 1, 0
43000, 1, 1
43002, 1, 0
43003, 1, 0
43006, 1, 0
43012, 1, 0
43017, 3, 1
43018, 1, 0
43020, 2, 1
43022, 0, 1
43023, 7, 0
43025, 3, 0
43027, 8, 0
43029, 3, 0
43030, 1, 0
43045, 0, 1
43055, 1, 0
43056, 2, 0
43063, 1, 0
43069, 1, 0
43071, 1, 0
43072, 1, 0
43080, 0, 1
43082, 1, 0
43083, 1, 0
43084, 1, 0
43085, 8, 1
43087, 2, 0
43088, 1, 0
43097, 1, 0
43108, 0, 1
43110, 1, 0
43111, 2, 0
43112, 1, 0
43114, 1, 0
43117, 1, 0
43122, 4, 0
43136, 1, 0
43138, 1, 1
43140, 2, 0
43147, 10, 1
43150, 1, 0
43164, 2, 1
43165, 1, 0
43167, 1, 0
43169, 1, 0
43170, 3, 0
43173, 3, 0
43174, 3, 0
43175, 1, 0
43178, 1, 0
43180, 1, 0
43187, 1, 0
43188, 1, 0
43190, 1, 0
43193, 3, 0
43194, 4, 0
43199, 1, 0
43202, 1, 0
43203, 1, 0
43207, 1, 0
43213, 1, 0
43214, 1, 0
43219, 2, 0
43220, 1, 0
43225, 1, 0
43227, 1, 0
43231, 0, 1
43242, 1, 0
43244, 1, 0
43245, 1, 0
43246, 1, 0
43247, 1, 0
43248, 1, 0
43249, 1, 0
43250, 0, 1
43257, 1, 1
43262, 2, 0
43263, 1, 0
43264, 5, 0
43265, 2, 0
43266, 2, 0
43268, 1, 0
43269, 1, 0
43270, 1, 0
43271, 2, 0
43272, 2, 0
43273, 1, 0
43274, 1, 0
43276, 1, 0
43277, 3, 0
43278, 2, 0
43280, 3, 0
43281, 1, 0
43283, 1, 0
43284, 3, 0
43294, 3, 1
43296, 1, 1
43300, 2, 0
43302, 9, 1
43305, 13, 0
43311, 1, 0
43312, 1, 0
43316, 1, 1
43323, 3, 0
43324, 1, 1
43327, 1, 0
43338, 4, 0
43340, 1, 2
43343, 1, 0
43353, 1, 0
43354, 1, 0
43364, 1, 0
43367, 1, 0
43368, 3, 0
43370, 1, 0
43379, 2, 1
43386, 5, 0
43387, 4, 0
43395, 7, 1
43410, 0, 2
43416, 4, 0
43422, 2, 0
43423, 1, 1
43425, 4, 1
43427, 1, 0
43431, 6, 0
43432, 1, 0
43434, 2, 0
43435, 1, 0
43439, 1, 0
43441, 1, 0
43443, 0, 2
43444, 1, 0
43450, 2, 1
43451, 2, 0
43452, 22, 1
43468, 3, 0
43485, 2, 0
43488, 1, 0
43494, 2, 0
43498, 1, 0
43499, 2, 0
43500, 1, 0
43502, 1, 0
43503, 2, 0
43504, 3, 0
43505, 1, 0
43506, 3, 0
43507, 3, 0
43509, 1, 0
43510, 1, 0
43517, 1, 0
43519, 1, 0
43520, 1, 0
43522, 2, 0
43533, 1, 0
43534, 3, 0
43535, 3, 0
43536, 2, 0
43537, 2, 0
43538, 3, 0
43542, 3, 0
43544, 2, 0
43545, 1, 0
43546, 2, 0
43547, 2, 0
43548, 1, 0
43583, 2, 0
43584, 1, 0
43593, 2, 0
43597, 1, 0
43600, 1, 0
43601, 1, 0
43603, 4, 0
43604, 1, 0
43606, 0, 1
43622, 1, 0
43623, 1, 2
43629, 5, 0
43630, 1, 0
43633, 3, 0
43635, 1, 0
43637, 2, 1
43638, 2, 2
43640, 1, 0
43641, 1, 0
43642, 2, 0
43643, 5, 0
43645, 2, 0
43646, 8, 0
43650, 5, 0
43663, 4, 0
43670, 2, 0
43674, 1, 0
43680, 3, 0
43683, 3, 0
43687, 1, 0
43689, 2, 0
43690, 1, 0
43693, 2, 0
43695, 4, 2
43696, 2, 0
43712, 2, 0
43714, 17, 1
43717, 2, 0
43719, 1, 0
43720, 1, 0
43727, 3, 0
43735, 2, 0
43737, 2, 0
43742, 6, 0
43743, 2, 0
43747, 2, 0
43748, 2, 0
43750, 3, 0
43751, 1, 0
43757, 3, 0
43758, 3, 0
43759, 4, 0
43760, 1, 0
43763, 0, 1
43765, 2, 0
43766, 2, 0
43768, 1, 0
43769, 1, 0
43770, 0, 1
43771, 1, 0
43773, 1, 0
43775, 1, 0
43777, 1, 0
43779, 1, 0
43781, 1, 0
43783, 2, 0
43799, 1, 0
43803, 3, 0
43806, 1, 0
43807, 1, 0
43808, 1, 0
43816, 1, 0
43821, 1, 0
43822, 1, 0
43824, 1, 0
43826, 1, 1
43831, 3, 0
43838, 1, 0
43839, 2, 0
43860, 2, 0
43863, 4, 0
43868, 1, 0
43869, 1, 0
43870, 2, 0
43871, 1, 0
43872, 6, 1
43873, 1, 0
43876, 43, 2
43877, 21, 7
43879, 1, 0
43892, 1, 0
43893, 1, 0
43894, 4, 0
43896, 3, 0
43898, 1, 0
43903, 2, 0
43906, 9, 0
43909, 4, 0
43911, 2, 0
43912, 3, 0
43915, 2, 1
43928, 2, 0
43929, 1, 0
43930, 5, 0
43938, 1, 0
43942, 2, 0
43943, 1, 0
43947, 1, 0
43948, 1, 0
43952, 24, 0
43953, 4, 0
43955, 0, 1
43963, 2, 0
44088, 1, 0
44100, 1, 0
44118, 1, 0
44123, 1, 0
44138, 1, 0
44180, 1, 0
44194, 1, 0
44212, 1, 0
44216, 4, 0
44227, 1, 0
44243, 1, 0
44248, 1, 0
44253, 1, 0
44255, 1, 0
44262, 1, 0
44269, 1, 0
44276, 1, 0
44277, 1, 0
44278, 1, 0
44289, 1, 0
44291, 1, 0
44292, 1, 0
44300, 2, 0
44301, 2, 0
44303, 1, 0
44305, 3, 0
44306, 1, 0
44312, 1, 0
44333, 2, 0
44334, 1, 0
44337, 1, 0
44356, 2, 0
44357, 1, 0
44361, 1, 0
44384, 1, 0
44396, 1, 0
44427, 1, 0
44428, 1, 0
44439, 1, 0
44450, 1, 0
44451, 6, 0
44456, 0, 1
44457, 1, 0
44466, 1, 0
44474, 3, 0
44476, 1, 0
44477, 1, 0
44481, 0, 1
44482, 1, 0
44500, 1, 0
44503, 1, 0
44528, 0, 1
44540, 1, 0
44544, 1, 0
44546, 1, 0
44561, 1, 0
44564, 1, 0
44584, 1, 0
44585, 1, 0
44592, 1, 0
44594, 1, 0
44621, 1, 0
44623, 1, 0
44626, 1, 0
44641, 17, 2
44643, 1, 0
44644, 4, 0
44649, 1, 0
44655, 8, 3
44665, 1, 0
44675, 1, 0
44695, 1, 0
44706, 1, 0
44713, 1, 0
44722, 34, 4
44723, 1, 0
44724, 6, 3
44728, 1, 0
44729, 2, 1
44731, 6, 0
44739, 0, 1
44746, 2, 0
44750, 0, 1
44763, 1, 0
44769, 1, 0
44781, 12, 0
44785, 2, 0
44796, 2, 0
44797, 2, 0
44800, 1, 0
44801, 1, 0
44806, 1, 0
44810, 1, 0
44812, 27, 0
44814, 9, 0
44818, 1, 0
44821, 4, 0
44827, 2, 0
44835, 1, 1
44839, 2, 0
44857, 1, 0
44858, 6, 0
44861, 1, 1
44874, 12, 1
44880, 2, 0
44884, 0, 1
44900, 8, 0
44903, 2, 1
44908, 2, 0
44909, 9, 1
44910, 1, 0
44911, 3, 0
44912, 4, 0
44913, 2, 0
44914, 11, 0
44920, 6, 0
44935, 2, 0
44943, 3, 0
44944, 17, 0
44947, 1, 0
44951, 2, 0
44952, 1, 0
44966, 1, 0
44967, 1, 0
44975, 2, 0
44976, 1, 7
44977, 12, 1
44981, 1, 0
44983, 1, 1
44984, 1, 0
44986, 1, 0
44987, 12, 2
44991, 1, 0
45005, 1, 0
45012, 1, 0
45013, 3, 0
45014, 4, 0
45015, 1, 0
45019, 32, 0
45020, 2, 0
45033, 0, 1
45035, 12, 1
45036, 1, 1
45040, 1, 0
45041, 2, 0
45043, 2, 0
45044, 3, 0
45048, 2, 0
45053, 1, 0
45055, 4, 1
45057, 1, 0
45058, 1, 0
45059, 2, 1
45076, 1, 0
45077, 2, 0
45080, 1, 0
45089, 9, 0
45095, 0, 1
45097, 1, 0
45100, 2, 0
45103, 2, 0
45104, 6, 0
45110, 1, 0
45113, 1, 0
45115, 1, 0
45117, 1, 0
45118, 1, 0
45127, 8, 0
45128, 1, 0
45131, 2, 0
45142, 1, 0
45143, 14, 0
45144, 0, 1
45148, 1, 0
45155, 2, 1
45176, 2, 0
45183, 1, 0
45185, 9, 0
45189, 0, 1
45192, 6, 1
45202, 1, 0
45207, 5, 0
45210, 1, 0
45215, 3, 1
45229, 1, 0
45232, 1, 1
45233, 1, 0
45235, 2, 0
45236, 2, 0
45237, 4, 0
45238, 1, 0
45239, 1, 0
45241, 5, 0
45243, 1, 0
45254, 1, 0
45258, 2, 0
45271, 1, 0
45286, 1, 0
45292, 1, 0
45295, 1, 1
45298, 1, 0
45300, 37, 2
45314, 3, 0
45317, 2, 1
45320, 1, 0
45324, 5, 0
45325, 6, 0
45326, 0, 1
45333, 4, 1
45337, 14, 3
45338, 5, 0
45342, 1, 0
45349, 12, 0
45358, 2, 0
45360, 1, 0
45361, 1, 0
45378, 4, 0
45380, 2, 1
45382, 1, 0
45391, 1, 0
45403, 1, 0
45408, 3, 0
45412, 9, 1
45440, 2, 0
45441, 0, 1
45442, 1, 0
45444, 34, 0
45451, 1, 0
45481, 34, 0
45487, 1, 0
45493, 1, 0
45494, 2, 0
45497, 1, 0
45505, 1, 0
45507, 2, 1
45508, 1, 0
45509, 1, 0
45517, 7, 0
45519, 3, 0
45520, 2, 0
45529, 0, 1
45532, 1, 0
45533, 1, 0
45538, 2, 0
45540, 1, 0
45553, 1, 0
45559, 2, 0
45560, 3, 0
45567, 3, 0
45579, 1, 0
45580, 6, 0
45589, 1, 0
45593, 1, 0
45603, 1, 0
45609, 0, 1
45610, 15, 2
45613, 1, 1
45624, 8, 1
45629, 2, 0
45634, 5, 0
45642, 1, 0
45647, 1, 0
45649, 1, 0
45652, 19, 2
45653, 1, 0
45659, 1, 0
45668, 1, 0
45673, 0, 1
45675, 1, 0
45683, 1, 0
45686, 1, 0
45687, 1, 0
45690, 1, 0
45699, 1, 0
45700, 1, 0
45701, 2, 0
45706, 1, 0
45709, 3, 0
45722, 1, 0
45726, 3, 0
45737, 1, 0
45743, 3, 1
45757, 2, 0
45764, 3, 0
45765, 1, 0
45770, 1, 0
45772, 1, 0
45773, 4, 0
45779, 2, 0
45784, 11, 0
45788, 1, 1
45790, 30, 2
45796, 1, 0
45798, 3, 0
45801, 1, 0
45803, 0, 1
45806, 0, 1
45808, 1, 0
45815, 6, 0
45823, 1, 0
45825, 1, 0
45828, 12, 0
45830, 2, 0
45841, 1, 0
45852, 2, 0
45856, 13, 2
45862, 2, 0
45864, 1, 0
45874, 2, 0
45876, 1, 0
45893, 1, 0
45902, 2, 0
45903, 2, 0
45904, 59, 6
45950, 1, 0
45955, 1, 0
45969, 1, 0
45974, 11, 1
45976, 1, 0
45979, 2, 0
45981, 1, 0
45988, 1, 0
45990, 16, 0
46017, 1, 0
46020, 2, 0
46022, 1, 0
46027, 1, 0
46033, 3, 0
46042, 1, 0
46048, 1, 0
48436, 3, 0
51369, 2, 0
51797, 1, 0
51799, 1, 0
51802, 2, 0
51803, 0, 1
51805, 0, 1
51987, 4, 1
52015, 0, 1
52016, 1, 0
52364, 3, 0
52365, 2, 0
52366, 1, 0
52367, 1, 1
52445, 1, 0
52682, 1, 0
52683, 16, 2
52684, 8, 0
52686, 1, 0
52688, 2, 1
52696, 1, 0
52697, 1, 0
52699, 3, 0
52717, 2, 0
52756, 1, 0
53101, 7, 0
54253, 1, 0
55261, 1, 0
55554, 1, 0
55932, 5, 0
55974, 1, 0
55975, 2, 0
56130, 0, 1
56547, 1, 0
56554, 2, 0
56561, 0, 1
56562, 1, 0
56575, 1, 0
56659, 1, 0
56665, 1, 0
56842, 1, 0
57527, 2, 0
57530, 1, 0
57542, 2, 0
57543, 1, 0
57598, 1, 0
57869, 3, 0
57880, 1, 0
57888, 1, 0
57889, 0, 1
58069, 4, 0
58430, 1, 0
58642, 2, 0
58643, 1, 0
58678, 12, 1
58822, 1, 0
58862, 1, 0
58905, 2, 0
58928, 5, 0
59020, 2, 0
59023, 3, 0
59024, 3, 0
59053, 1, 0
59086, 4, 0
59225, 1, 0
59370, 1, 0
59410, 1, 0
59718, 1, 0
59719, 1, 0
59725, 2, 0
59756, 5, 0
59760, 2, 0
59761, 2, 0
59766, 0, 1
59792, 1, 0
59793, 1, 0
60006, 1, 0
60007, 5, 0
60039, 1, 1
60040, 1, 0
60108, 3, 0
60130, 1, 1
60782, 8, 0
61014, 2, 0
61234, 4, 0
63279, 2, 0
64721, 16, 1
67717, 3, 1
68659, 1, 0
68726, 11, 0
69390, 2, 1
69628, 1, 0
69642, 3, 0
70076, 3, 0
70079, 1, 0
70081, 2, 0
70086, 1, 0
70087, 2, 0
70088, 2, 0
70105, 1, 0
70111, 2, 0
70200, 1, 0
70202, 4, 0
70299, 1, 0
70302, 2, 0
70304, 1, 0
70310, 2, 0
70335, 0, 1
70451, 2, 0
70452, 23, 2
70453, 15, 0
70481, 1, 0
70484, 2, 1
70496, 1, 0
70500, 1, 0
70504, 3, 0
70533, 1, 0
70553, 0, 1
70633, 1, 0
70634, 1, 0
70701, 1, 0
70703, 1, 0
70790, 1, 0
70805, 2, 0
70806, 2, 0
70811, 1, 0
71151, 1, 0
71155, 3, 0
71226, 3, 0
71236, 4, 0
71355, 1, 0
71399, 1, 0
71430, 4, 0
71431, 1, 0
71439, 1, 0
71866, 2, 0
71882, 1, 0
71887, 1, 0
71910, 2, 0
71931, 5, 0
71936, 1, 0
71939, 1, 0
71940, 2, 0
71972, 3, 1
71986, 0, 1
72001, 2, 0
72024, 17, 0
72043, 1, 0
72048, 1, 0
72051, 1, 0
72055, 1, 0
72056, 2, 0
72112, 1, 0
72126, 5, 2
72137, 1, 0
72139, 1, 0
72143, 1, 0
72145, 1, 0
72151, 1, 0
72168, 4, 0
72178, 0, 2
72179, 1, 0
72186, 2, 0
72188, 1, 0
72191, 1, 0
72195, 2, 0
72201, 10, 2
72293, 1, 0
72303, 1, 0
72320, 1, 0
72331, 2, 0
72338, 1, 0
72345, 5, 0
72355, 3, 0
72444, 1, 0
72445, 3, 0
72981, 2, 0
72982, 1, 0
72984, 1, 0
72990, 1, 0
72991, 1, 0
72992, 2, 0
72998, 1, 0
73021, 1, 0
73032, 1, 0
73050, 1, 0
73056, 3, 0
73057, 1, 0
73060, 1, 0
73061, 1, 0
73062, 1, 0
73063, 1, 0
73065, 2, 1
73067, 1, 0
73073, 0, 1
73075, 2, 1
73083, 3, 0
73090, 3, 0
73099, 1, 0
73100, 2, 0
73101, 1, 0
73102, 4, 0
73103, 2, 0
73104, 1, 0
73105, 2, 1
73106, 6, 0
73107, 2, 0
73108, 5, 0
73109, 1, 0
73110, 5, 1
73111, 1, 0
73112, 3, 0
73113, 1, 0
73114, 3, 0
73117, 2, 0
73118, 2, 0
73120, 2, 0
73121, 2, 0
73122, 2, 0
73123, 1, 0
73124, 1, 0
73126, 1, 0
73127, 1, 0
73128, 0, 2
73129, 2, 0
73130, 1, 0
73131, 2, 0
73132, 2, 0
73133, 1, 0
73134, 1, 0
73139, 2, 0
73144, 29, 2
73145, 6, 0
73150, 1, 0
73151, 2, 0
73154, 0, 1
73157, 1, 0
73165, 1, 0
73166, 1, 0
73169, 2, 0
73170, 3, 1
73171, 2, 0
73176, 4, 0
73183, 1, 0
73186, 4, 0
73187, 1, 0
73189, 1, 0
73194, 6, 0
73196, 2, 0
73197, 2, 0
73212, 1, 0
73214, 6, 2
73218, 1, 0
73219, 1, 0
73220, 1, 0
73227, 2, 0
73228, 5, 0
73229, 5, 0
73232, 1, 0
73249, 3, 0
73254, 1, 0
73259, 1, 0
73441, 1, 0
73442, 2, 0
73446, 1, 0
73451, 3, 0
73452, 1, 0
73454, 1, 1
73456, 2, 0
73461, 1, 0
73468, 1, 0
73472, 1, 0
73484, 1, 0
73485, 3, 0
73490, 2, 0
73493, 3, 1
73494, 0, 1
73495, 0, 1
73496, 0, 1
73498, 1, 1
73502, 1, 1
73503, 1, 0
73504, 1, 0
73505, 1, 0
73506, 1, 0
73507, 1, 0
73508, 0, 1
73510, 3, 0
73525, 1, 0
73534, 1, 0
73535, 3, 0
73536, 11, 0
73542, 1, 0
73543, 3, 0
73546, 3, 0
73547, 14, 0
73552, 1, 0
73553, 2, 0
73554, 1, 0
73561, 8, 0
73562, 1, 0
73575, 1, 0
73580, 2, 1
73581, 3, 0
73582, 1, 0
73586, 5, 1
73590, 2, 0
73722, 2, 0
73725, 1, 0
73727, 1, 0
73741, 3, 0
73742, 2, 0
73745, 2, 0
73747, 3, 0
73752, 2, 0
73753, 1, 0
73755, 1, 0
73756, 86, 1
73783, 2, 1
73786, 1, 0
73787, 0, 2
73789, 2, 0
73793, 1, 0
73798, 9, 0
73801, 0, 1
73802, 1, 0
73803, 1, 0
73806, 2, 0
73814, 4, 0
73815, 72, 1
73861, 2, 0
73863, 1, 0
73872, 1, 0
73874, 1, 0
73876, 15, 0
73879, 1, 0
73880, 1, 0
73887, 2, 0
73904, 6, 0
73907, 2, 0
73921, 2, 0
73925, 1, 0
73931, 2, 0
73933, 0, 1
73945, 2, 0
73956, 1, 0
73966, 1, 0
73969, 1, 0
73970, 3, 0
73972, 2, 0
73987, 1, 0
73989, 2, 0
73993, 0, 1
73995, 1, 0
73996, 1, 0
74001, 25, 0
74007, 1, 0
74016, 8, 0
74017, 2, 0
74018, 1, 0
74019, 3, 0
74025, 0, 1
74031, 3, 0
74032, 1, 0
74033, 1, 0
74037, 1, 0
74038, 4, 0
74040, 1, 1
74042, 2, 0
74044, 4, 1
74047, 2, 0
74051, 1, 0
74052, 1, 0
74071, 3, 0
74075, 1, 0
74089, 1, 0
74093, 2, 0
74096, 1, 0
74099, 2, 0
74101, 1, 0
74102, 1, 0
74103, 1, 0
74104, 1, 0
74106, 4, 1
74115, 9, 1
74127, 3, 0
74128, 3, 0
74132, 4, 0
74142, 17, 2
74149, 3, 0
74151, 2, 0
74152, 2, 0
74154, 2, 0
74155, 2, 0
74156, 3, 0
74161, 4, 0
74163, 1, 0
74164, 4, 0
74166, 2, 0
74170, 1, 0
74174, 1, 0
74175, 2, 0
74181, 0, 1
74187, 1, 0
74189, 1, 0
74190, 3, 0
74192, 2, 0
74194, 1, 0
74195, 2, 0
74196, 8, 0
74201, 3, 0
74210, 2, 0
74212, 6, 0
74213, 6, 0
74216, 3, 0
74220, 1, 0
74226, 1, 0
74227, 3, 0
74229, 2, 0
74236, 8, 0
74239, 2, 0
74240, 1, 0
74241, 2, 0
74242, 2, 0
74258, 1, 0
74261, 3, 0
74270, 2, 0
74278, 2, 0
74279, 2, 0
74283, 8, 1
74285, 2, 0
74287, 2, 0
74296, 1, 0
74297, 1, 0
74302, 34, 0
74310, 43, 4
74327, 3, 0
74332, 1, 0
74340, 1, 0
74342, 5, 0
74343, 3, 0
74346, 3, 0
74347, 3, 1
74348, 2, 0
74349, 0, 1
74350, 1, 0
74352, 2, 0
74353, 1, 0
74354, 1, 0
74355, 3, 0
74356, 2, 0
74367, 2, 0
74369, 3, 0
74382, 1, 0
74383, 4, 0
74386, 1, 0
74390, 5, 1
74399, 2, 0
74403, 1, 0
74411, 8, 0
74412, 3, 0
74414, 1, 0
74415, 2, 0
74421, 2, 1
74431, 5, 0
74432, 1, 0
74436, 1, 0
74447, 2, 0
74450, 1, 0
74451, 1, 0
74462, 2, 0
74463, 8, 1
74466, 9, 0
74471, 1, 0
74472, 1, 0
74475, 2, 0
74476, 1, 0
74477, 1, 0
74478, 10, 1
74480, 1, 0
74483, 1, 0
74486, 3, 0
74487, 2, 0
74488, 1, 0
74490, 4, 0
74506, 4, 0
74508, 2, 0
74510, 1, 0
74515, 1, 0
74526, 2, 0
74528, 1, 0
74539, 2, 0
74540, 1, 0
74542, 2, 0
74546, 1, 0
74549, 1, 1
74550, 13, 0
74555, 6, 3
74557, 1, 0
74558, 1, 0
74572, 1, 0
74573, 1, 0
74579, 1, 0
74580, 1, 0
74582, 1, 0
74587, 1, 0
74588, 2, 0
74592, 6, 0
74593, 10, 0
74596, 2, 0
74597, 2, 0
74601, 2, 0
74603, 1, 0
74606, 0, 1
74610, 2, 0
74611, 1, 0
74612, 1, 0
74613, 1, 0
74614, 2, 0
74615, 2, 0
74627, 8, 0
74629, 5, 1
74633, 1, 0
74636, 2, 0
74638, 1, 0
74639, 1, 0
74643, 1, 0
74646, 2, 0
74647, 1, 0
74649, 1, 1
74660, 2, 0
74661, 1, 0
74663, 1, 0
74664, 1, 0
74679, 6, 0
74682, 1, 0
74684, 0, 1
74686, 4, 0
74687, 2, 0
74688, 1, 0
74690, 1, 0
74692, 1, 0
74697, 3, 0
74700, 1, 0
74701, 2, 0
74702, 1, 0
74717, 8, 0
74726, 6, 0
74728, 5, 0
74734, 2, 0
74735, 5, 0
74741, 1, 0
74743, 2, 0
74745, 1, 0
74749, 1, 0
74750, 2, 0
74754, 40, 2
74757, 3, 0
74759, 1, 0
74760, 3, 0
74768, 1, 0
74772, 1, 0
74776, 0, 1
74778, 1, 0
74779, 3, 0
74788, 1, 0
74790, 2, 0
74795, 1, 0
74799, 1, 0
74801, 1, 0
74804, 1, 0
74809, 1, 0
74815, 1, 0
74817, 1, 0
74818, 2, 0
74824, 1, 0
74827, 1, 0
74829, 1, 0
74833, 2, 0
74843, 2, 0
74865, 3, 0
74867, 4, 0
74870, 1, 0
74871, 1, 0
74873, 2, 0
74874, 5, 0
74880, 1, 0
74881, 3, 0
74882, 1, 0
74883, 35, 0
74887, 1, 0
74888, 2, 0
74890, 2, 0
74891, 1, 0
74892, 1, 0
74894, 2, 0
74896, 1, 0
74899, 1, 0
74902, 3, 1
74906, 2, 0
74909, 25, 1
74916, 1, 0
74920, 1, 0
74930, 1, 0
74935, 0, 1
74950, 1, 0
74952, 2, 0
74954, 1, 0
74956, 1, 0
74957, 2, 0
74959, 1, 0
74960, 1, 0
74961, 2, 0
74962, 1, 0
74963, 1, 0
74964, 2, 0
74965, 4, 0
74966, 2, 0
74968, 1, 0
74969, 3, 0
74976, 1, 1
74978, 2, 0
74979, 1, 0
74982, 3, 1
74986, 3, 0
74990, 1, 0
74995, 43, 0
75029, 3, 0
75032, 1, 0
75033, 7, 0
75035, 1, 0
75037, 1, 0
75039, 1, 0
75040, 1, 0
75041, 1, 0
75042, 1, 0
75043, 1, 0
75044, 1, 0
75045, 9, 0
75047, 22, 1
75052, 4, 0
75057, 11, 0
75078, 405, 4
75179, 14, 0
75181, 0, 1
75184, 1, 0
75185, 1, 0
75197, 1, 0
75200, 0, 1
75206, 3, 0
75207, 1, 0
75209, 1, 0
75210, 2, 1
75211, 0, 1
75212, 3, 1
75213, 3, 0
75214, 1, 3
75215, 2, 0
75216, 13, 6
75217, 2, 0
75218, 2, 0
75231, 2, 0
75232, 4, 0
75239, 1, 0
75241, 2, 0
75242, 1, 0
75243, 1, 0
75245, 8, 0
75257, 1, 0
75269, 1, 0
75270, 5, 0
75272, 13, 0
75274, 1, 0
75275, 1, 0
75278, 3, 0
75289, 2, 0
75290, 3, 1
75295, 1, 0
75303, 3, 0
75305, 4, 1
75308, 4, 1
75319, 1, 0
75320, 3, 1
75321, 2, 0
75324, 11, 1
75327, 5, 0
75328, 4, 0
75329, 6, 0
75330, 1, 0
75331, 1, 0
75334, 2, 1
75335, 3, 0
75336, 1, 0
75338, 18, 0
75426, 1, 1
75438, 1, 0
75439, 1, 0
75440, 1, 0
75443, 10, 0
75444, 1, 0
75445, 4, 0
75447, 4, 0
75453, 1, 0
75455, 2, 0
75456, 1, 0
75458, 1, 0
75462, 1, 0
75463, 3, 0
75464, 1, 0
75466, 1, 0
75468, 5, 0
75469, 1, 0
75472, 3, 0
75476, 3, 0
75477, 13, 0
75492, 1, 0
75493, 1, 0
75494, 1, 0
75496, 1, 0
75497, 1, 1
75507, 4, 0
75511, 5, 0
75514, 1, 0
75518, 1, 0
75519, 2, 0
75526, 2, 0
75527, 1, 0
75529, 3, 0
75532, 3, 0
75535, 1, 0
75540, 2, 0
75600, 4, 1
75624, 4, 0
75626, 1, 0
75627, 2, 0
75628, 3, 0
75630, 1, 0
75631, 1, 0
75633, 1, 0
75636, 2, 0
75639, 14, 2
75649, 21, 1
75652, 2, 0
75654, 1, 0
75658, 3, 0
75659, 2, 0
75665, 1, 0
75675, 1, 0
75678, 2, 0
75683, 1, 0
75685, 2, 1
75687, 1, 0
75688, 1, 0
75689, 2, 0
75690, 1, 0
75700, 1, 0
75708, 5, 0
75717, 1, 0
75718, 6, 0
75720, 1, 0
75723, 1, 0
75724, 1, 0
75728, 2, 0
75783, 3, 0
75786, 1, 0
75787, 11, 1
75809, 2, 0
75813, 2, 0
75815, 5, 0
75816, 1, 0
75817, 3, 0
75834, 294, 5
75866, 1, 0
75868, 1, 0
75870, 2, 0
75871, 1, 0
75872, 1, 0
75873, 2, 0
75876, 9, 2
75895, 1, 0
75900, 1, 0
75901, 111, 4
75910, 2, 0
75912, 1, 0
75915, 1, 0
75928, 1, 0
75932, 2, 0
75934, 0, 1
75940, 3, 0
75941, 2, 0
75942, 1, 0
75943, 6, 0
75946, 2, 0
75950, 1, 1
75951, 2, 0
75952, 4, 0
75954, 16, 0
75957, 1, 0
75959, 3, 0
76299, 6, 0
76414, 2, 0
76415, 3, 0
76416, 15, 0
76420, 2, 0
76424, 0, 1
76429, 3, 0
76431, 1, 0
76436, 3, 0
76440, 1, 0
76446, 22, 0
76449, 1, 0
76452, 1, 0
76456, 1, 0
76459, 1, 0
76460, 1, 0
76465, 8, 1
76467, 1, 0
76479, 1, 0
76492, 1, 0
76499, 1, 0
76500, 3, 0
76508, 1, 0
76511, 1, 0
76513, 1, 0
76533, 0, 1
76541, 2, 0
76542, 2, 0
76545, 4, 0
76551, 6, 0
76553, 3, 0
76554, 3, 0
76556, 3, 1
76557, 3, 0
76559, 1, 0
76560, 2, 0
76561, 1, 0
76562, 2, 0
76563, 1, 0
76565, 3, 0
76572, 1, 0
76573, 1, 0
76590, 2, 0
76592, 1, 0
76593, 1, 0
76605, 3, 0
76613, 1, 0
76617, 1, 0
76619, 1, 0
76620, 1, 0
76624, 1, 0
76626, 1, 0
76627, 1, 0
76630, 3, 0
76784, 3, 0
76794, 1, 0
76798, 1, 0
76799, 2, 1
76800, 1, 0
76801, 2, 0
76823, 1, 0
76831, 1, 1
76832, 1, 0
76843, 1, 0
76844, 4, 0
76845, 1, 0
76846, 1, 0
76847, 1, 0
76848, 2, 0
76849, 1, 0
76850, 1, 0
76851, 1, 0
76852, 1, 0
76853, 1, 0
76855, 2, 0
76860, 22, 2
76862, 1, 0
76868, 2, 0
76873, 4, 2
76875, 1, 0
76876, 3, 0
76878, 1, 0
76880, 7, 0
76881, 1, 0
76882, 1, 1
76884, 4, 0
76888, 2, 0
76890, 1, 0
76896, 1, 0
76900, 1, 0
76905, 2, 0
76917, 4, 1
76991, 1, 0
77048, 2, 0
77049, 8, 0
77098, 3, 0
77161, 2, 0
77163, 3, 0
77175, 1, 0
77176, 2, 0
77177, 2, 0
77178, 19, 1
77181, 3, 0
77182, 1, 0
77183, 1, 0
77198, 5, 0
77199, 1, 0
77200, 1, 0
77202, 0, 1
77203, 17, 2
77205, 1, 0
77206, 1, 0
77207, 1, 1
77213, 8, 0
77214, 1, 0
77216, 5, 0
77225, 1, 0
77226, 1, 0
77234, 1, 0
77235, 3, 0
77241, 0, 1
77242, 1, 0
77243, 1, 0
77245, 1, 0
77246, 5, 0
77249, 2, 0
77250, 1, 0
77254, 1, 0
77255, 1, 0
77258, 2, 0
77259, 1, 0
77262, 3, 0
77264, 1, 0
77265, 1, 0
77291, 2, 0
77293, 1, 0
77295, 18, 0
77298, 1, 0
77299, 1, 0
77300, 19, 6
77307, 0, 1
77316, 1, 0
77317, 1, 0
77318, 1, 0
77319, 1, 0
77320, 1, 0
77321, 2, 0
77324, 1, 0
77325, 0, 1
77332, 2, 0
77337, 0, 2
77338, 1, 0
77339, 1, 0
77343, 1, 0
77357, 1, 0
77358, 1, 0
77359, 1, 0
77362, 3, 0
77367, 2, 0
77373, 0, 1
77375, 0, 1
77377, 1, 0
77383, 1, 0
77385, 6, 0
77386, 2, 0
77387, 3, 0
77390, 1, 0
77425, 3, 0
77426, 1, 0
77429, 1, 0
77432, 2, 0
77439, 1, 0
77440, 0, 1
77445, 2, 0
77446, 1, 0
77448, 1, 0
77456, 1, 0
77465, 1, 0
77466, 4, 0
77491, 3, 0
77500, 5, 0
77502, 2, 0
77506, 1, 0
77508, 1, 0
77509, 2, 0
77510, 3, 0
77552, 1, 0
77556, 1, 1
77561, 12, 0
77659, 12, 0
77905, 1, 0
77938, 1, 0
77939, 1, 0
77940, 2, 0
77943, 6, 0
77944, 1, 0
77945, 8, 1
77946, 2, 0
77949, 2, 1
77951, 3, 0
77953, 4, 0
77955, 1, 2
77956, 1, 0
77974, 1, 0
77975, 1, 0
77976, 0, 1
77977, 1, 1
77987, 1, 0
77988, 1, 0
77993, 16, 0
77996, 6, 0
77998, 2, 0
77999, 1, 0
78002, 3, 0
78004, 1, 0
78023, 7, 0
78078, 2, 0
78079, 3, 0
78085, 3, 0
78089, 3, 0
78090, 2, 0
78092, 3, 0
78098, 1, 0
78101, 1, 0
78103, 1, 0
78106, 3, 1
78108, 4, 0
78110, 2, 0
78111, 2, 0
78112, 1, 0
78113, 1, 0
78114, 2, 0
78116, 1, 0
78121, 2, 0
78122, 4, 0
78126, 1, 0
78133, 1, 0
78134, 1, 0
78135, 1, 0
78143, 2, 0
78149, 1, 0
78150, 4, 0
78157, 1, 0
78159, 1, 0
78160, 1, 0
78161, 1, 0
78165, 2, 0
78167, 6, 0
78170, 1, 0
78174, 1, 0
78175, 10, 0
78176, 16, 2
78177, 1, 0
78178, 2, 0
78180, 1, 1
78182, 1, 0
78183, 1, 0
78184, 6, 0
78185, 4, 1
78191, 1, 0
78192, 6, 0
78193, 1, 0
78195, 1, 0
78196, 3, 0
78198, 1, 0
78226, 3, 0
78227, 2, 1
78229, 2, 0
78231, 1, 0
78239, 1, 0
78240, 6, 0
78241, 6, 0
78246, 4, 0
78247, 1, 0
78253, 2, 0
78270, 3, 0
78271, 3, 0
78272, 4, 0
78273, 2, 0
78282, 1, 0
78286, 2, 0
78287, 3, 0
78288, 1, 0
78291, 1, 0
78293, 1, 0
78294, 1, 0
78296, 2, 0
78311, 25, 0
78320, 8, 0
78327, 17, 0
78340, 2, 0
78360, 10, 0
78367, 1, 1
78369, 3, 0
78372, 6, 0
78381, 1, 0
78382, 1, 0
78383, 1, 0
78394, 1, 0
78398, 5, 0
78399, 10, 0
78403, 1, 0
78405, 9, 0
78410, 2, 0
78422, 6, 0
78429, 3, 0
78435, 1, 2
78436, 3, 0
78438, 6, 1
78439, 1, 0
78507, 1, 0
78510, 1, 0
78511, 1, 0
78516, 5, 0
78518, 10, 0
78529, 3, 0
78530, 2, 0
78531, 1, 0
78532, 3, 0
78533, 1, 0
78540, 2, 0
78542, 0, 1
78543, 3, 0
78546, 1, 0
78554, 3, 0
78555, 3, 0
78556, 3, 0
78558, 1, 1
78559, 2, 0
78560, 3, 0
78561, 2, 0
78562, 2, 0
78563, 33, 1
78565, 1, 1
78568, 0, 1
78570, 3, 0
78573, 1, 0
78575, 1, 0
78577, 1, 0
78578, 1, 0
78579, 1, 0
78580, 2, 0
78582, 1, 0
78583, 2, 0
78591, 24, 0
78592, 3, 0
78593, 0, 1
78597, 1, 0
78598, 5, 0
78599, 2, 0
78602, 3, 0
78603, 3, 0
78604, 1, 0
78606, 1, 0
78607, 2, 0
78608, 1, 0
78609, 1, 0
78610, 1, 0
78611, 2, 0
78624, 1, 0
78625, 1, 0
78674, 2, 0
78678, 1, 0
78686, 1, 0
78693, 2, 0
78694, 4, 0
78695, 1, 0
78696, 3, 0
78697, 3, 0
78698, 1, 0
78699, 1, 0
78700, 1, 0
78703, 1, 0
78708, 2, 0
78711, 2, 0
78712, 1, 0
78713, 3, 0
78716, 1, 0
78721, 3, 0
78722, 4, 0
78723, 1, 0
78730, 1, 0
78732, 2, 0
78736, 1, 0
78745, 9, 0
78749, 4, 0
78753, 1, 0
78754, 1, 0
78766, 13, 0
78816, 4, 0
78818, 1, 0
78819, 1, 0
78820, 1, 0
78825, 1, 0
78826, 1, 0
78832, 1, 0
78833, 3, 0
78834, 1, 0
78836, 0, 1
78839, 2, 0
78840, 3, 1
78841, 3, 0
78842, 6, 0
78844, 3, 0
78845, 8, 0
78847, 2, 0
78848, 1, 0
78849, 12, 0
78850, 1, 0
78851, 1, 0
78855, 8, 0
78859, 1, 1
78860, 1, 0
78861, 1, 0
78865, 4, 0
78868, 2, 1
78872, 1, 1
78875, 2, 0
78876, 1, 0
78877, 0, 1
78878, 2, 0
78879, 2, 0
78882, 2, 0
78886, 1, 0
78887, 3, 0
78895, 2, 0
78897, 1, 0
78903, 1, 0
78907, 1, 0
78909, 0, 4
78919, 13, 1
78925, 4, 0
78926, 1, 0
78927, 1, 0
78940, 1, 0
78945, 2, 0
78947, 2, 0
78949, 2, 0
78955, 1, 0
78963, 1, 0
78966, 1, 0
78970, 8, 1
78971, 1, 0
78972, 23, 2
78978, 1, 0
78982, 6, 0
78986, 2, 0
78999, 2, 0
79000, 3, 0
79005, 2, 0
79006, 3, 1
79007, 4, 0
79008, 1, 0
79010, 1, 0
79014, 1, 0
79019, 4, 0
79020, 3, 0
79021, 21, 0
79030, 1, 0
79031, 2, 0
79032, 1, 0
79035, 5, 0
79047, 3, 0
79049, 1, 0
79053, 1, 0
79055, 1, 0
79058, 1, 0
79067, 1, 0
79068, 1, 0
79069, 1, 0
79085, 2, 1
79090, 1, 0
79091, 2, 1
79092, 468, 16
79121, 155, 2
79126, 1, 0
79127, 2, 0
79130, 3, 0
79131, 4, 0
79141, 16, 0
79147, 1, 0
79151, 1, 0
79154, 1, 0
79160, 3, 0
79163, 2, 0
79167, 1, 0
79168, 13, 4
79178, 1, 0
79197, 4, 0
79200, 4, 0
79204, 1, 0
79206, 1, 0
79208, 2, 2
79216, 1, 0
79226, 3, 0
79228, 10, 0
79263, 1, 0
79272, 1, 0
79273, 6, 0
79275, 2, 0
79276, 4, 0
79279, 1, 0
79285, 14, 1
79291, 1, 0
79293, 1, 0
79295, 0, 1
79296, 8, 0
79297, 2, 0
79299, 78, 5
79308, 1, 0
79309, 3, 0
79310, 4, 0
79311, 6, 0
79313, 6, 0
79315, 3, 0
79316, 3, 1
79317, 1, 0
79318, 1, 0
79319, 1, 0
79323, 10, 0
79324, 5, 0
79325, 5, 0
79326, 3, 0
79327, 4, 0
79328, 11, 0
79329, 3, 0
79339, 2, 0
79340, 0, 1
79341, 2, 1
79342, 12, 1
79343, 2, 0
79344, 2, 0
79345, 2, 0
79346, 1, 0
79353, 3, 0
79360, 1, 0
79361, 3, 1
79362, 2, 0
79363, 35, 2
79378, 1, 0
79386, 1, 0
79411, 1, 0
79412, 1, 0
79413, 1, 0
79415, 1, 0
79416, 1, 0
79419, 1, 0
79420, 2, 0
79422, 16, 0
79439, 1, 0
79440, 5, 2
79442, 1, 0
79443, 2, 0
79444, 1, 0
79447, 2, 0
79453, 2, 0
79454, 2, 0
79456, 1, 0
79457, 1, 0
79458, 1, 0
79459, 1, 0
79463, 1, 0
79467, 1, 0
79468, 1, 0
79485, 2, 0
79486, 1, 0
79487, 2, 0
79493, 1, 0
79495, 1, 0
79500, 2, 0
79501, 1, 0
79504, 1, 0
79509, 1, 0
79541, 2, 0
79542, 2, 0
79543, 20, 1
79549, 1, 1
79552, 3, 0
79553, 1, 0
79561, 1, 0
79562, 3, 1
79565, 2, 0
79566, 2, 0
79569, 1, 0
79584, 1, 0
79585, 1, 0
79602, 2, 3
79606, 1, 0
79610, 2, 0
79611, 3, 0
79613, 3, 0
79615, 2, 0
79616, 3, 0
79617, 4, 0
79620, 5, 0
79623, 6, 0
79624, 3, 0
79625, 3, 0
79627, 1, 0
79628, 2, 0
79632, 0, 1
79639, 1, 0
79640, 1, 0
79647, 2, 0
79652, 2, 0
79655, 2, 0
79660, 0, 1
79669, 1, 0
79683, 1, 0
79689, 1, 0
79693, 1, 0
79694, 1, 0
79698, 1, 0
79699, 1, 0
79704, 1, 0
79709, 1, 0
79711, 1, 0
79712, 2, 0
79713, 1, 0
79720, 1, 0
79721, 1, 0
79722, 2, 0
79728, 1, 0
79732, 1, 0
79733, 1, 0
79735, 1, 0
79739, 1, 0
79740, 1, 0
79747, 1, 0
79768, 1, 0
79771, 2, 0
79774, 1, 0
79783, 1, 0
79785, 1, 0
79787, 1, 0
79792, 1, 0
79793, 1, 1
79800, 1, 0
79801, 1, 0
79804, 1, 0
79805, 1, 0
79813, 2, 0
79814, 4, 0
79815, 3, 0
79821, 2, 1
79823, 1, 0
79845, 1, 0
79850, 3, 0
79851, 1, 0
79855, 1, 0
79875, 3, 0
79881, 1, 0
79885, 2, 0
79886, 1, 0
79887, 1, 0
79888, 2, 1
79889, 2, 0
79894, 1, 0
79922, 1, 0
79923, 1, 0
79924, 2, 0
79926, 3, 0
79927, 2, 0
79933, 1, 0
79934, 6, 1
79935, 2, 0
79936, 1, 0
79940, 2, 0
79941, 1, 0
79943, 1, 0
79944, 4, 0
79945, 1, 0
79946, 1, 0
79948, 4, 0
79949, 1, 0
79950, 4, 0
79951, 1, 0
79953, 2, 0
79954, 5, 0
79955, 3, 0
79956, 3, 0
79958, 1, 0
79959, 1, 0
79961, 2, 0
79962, 2, 0
79963, 1, 0
79964, 3, 0
79965, 4, 0
79966, 1, 0
79967, 2, 0
79969, 18, 1
79972, 1, 0
79973, 2, 0
79974, 3, 0
79975, 1, 0
79976, 1, 0
79977, 1, 0
79978, 1, 0
79979, 1, 0
79980, 1, 1
79981, 0, 1
79982, 1, 0
79983, 2, 0
79992, 5, 0
79994, 2, 0
79996, 2, 0
79999, 2, 0
80005, 3, 1
80021, 3, 0
80022, 5, 0
80024, 1, 0
80025, 5, 0
80027, 1, 0
80028, 1, 0
80032, 2, 0
80034, 1, 0
80042, 1, 1
80053, 0, 1
80057, 3, 0
80060, 1, 0
80061, 1, 0
80063, 7, 0
80066, 2, 0
80074, 2, 0
80076, 6, 0
80078, 1, 0
80085, 3, 1
80089, 1, 0
80093, 1, 0
80094, 3, 0
80095, 1, 0
80101, 3, 0
80106, 1, 0
80107, 1, 0
80109, 1, 0
80111, 1, 0
80125, 0, 1
80127, 1, 0
80131, 4, 0
80133, 1, 0
80136, 1, 0
80137, 3, 0
80138, 2, 0
80139, 1, 0
80141, 4, 0
80142, 2, 0
80143, 2, 1
80144, 1, 0
80145, 1, 1
80147, 2, 0
80148, 2, 0
80149, 1, 0
80150, 1, 0
80151, 17, 0
80152, 2, 0
80153, 3, 0
80154, 3, 0
80155, 3, 0
80156, 3, 0
80157, 2, 1
80158, 2, 0
80160, 5, 0
80162, 1, 0
80163, 1, 0
80164, 1, 0
80165, 2, 0
80166, 2, 0
80167, 1, 0
80168, 3, 0
80169, 1, 0
80170, 1, 0
80172, 1, 0
80173, 2, 0
80174, 8, 0
80175, 1, 0
80176, 1, 0
80177, 5, 1
80178, 2, 0
80179, 5, 0
80180, 4, 0
80181, 4, 0
80182, 1, 0
80183, 1, 0
80185, 3, 0
80186, 2, 0
80188, 3, 0
80189, 2, 0
80190, 4, 0
80191, 3, 0
80192, 3, 1
80193, 6, 1
80195, 21, 1
80197, 3, 0
80198, 2, 0
80199, 7, 2
80201, 1, 0
80202, 11, 0
80203, 3, 2
80205, 2, 0
80206, 1, 1
80207, 11, 0
80208, 13, 0
80210, 9, 0
80211, 3, 0
80212, 7, 0
80213, 4, 1
80214, 2, 0
80215, 5, 0
80217, 4, 0
80218, 2, 0
80219, 2, 0
80220, 2, 0
80221, 2, 0
80222, 5, 0
80223, 1, 0
80224, 1, 0
80225, 1, 0
80228, 3, 0
80229, 4, 0
80230, 1, 1
80231, 2, 0
80232, 2, 1
80233, 2, 0
80234, 3, 0
80235, 2, 0
80236, 1, 0
80237, 2, 1
80238, 2, 0
80239, 5, 0
80240, 1, 0
80242, 4, 0
80245, 2, 0
80246, 2, 1
80247, 5, 0
80248, 2, 0
80250, 1, 0
80251, 5, 0
80252, 1, 0
80253, 1, 0
80259, 3, 0
80263, 1, 0
80266, 1, 0
80268, 0, 1
80271, 1, 0
80299, 2, 0
80301, 2, 0
80305, 1, 0
80307, 3, 0
80308, 3, 0
80310, 2, 0
80312, 1, 0
80313, 11, 0
80316, 2, 0
80320, 3, 0
80321, 2, 0
80326, 3, 0
80327, 0, 1
80348, 1, 0
80351, 5, 0
80365, 1, 0
80367, 1, 1
80368, 5, 0
80371, 3, 0
80380, 1, 0
80381, 10, 1
80383, 3, 0
80394, 1, 0
80407, 3, 0
80410, 2, 0
80411, 4, 0
80416, 4, 0
80417, 1, 0
80420, 1, 0
80424, 2, 0
80430, 1, 0
80431, 1, 0
80435, 1, 0
80440, 6, 0
80443, 1, 0
80444, 1, 0
80445, 3, 0
80446, 1, 1
80448, 1, 0
80449, 1, 0
80450, 2, 0
80452, 2, 0
80453, 1, 0
80454, 1, 0
80455, 0, 1
80456, 1, 0
80457, 2, 0
80458, 6, 0
80459, 1, 0
80460, 2, 0
80461, 1, 0
80462, 1, 0
80464, 1, 0
80465, 1, 0
80466, 1, 0
80467, 1, 0
80468, 1, 0
80469, 1, 0
80470, 1, 0
80472, 2, 0
80473, 8, 1
80474, 1, 0
80476, 2, 1
80477, 1, 0
80478, 1, 1
80479, 2, 0
80480, 1, 0
80481, 3, 0
80482, 1, 0
80483, 7, 0
80484, 2, 0
80485, 2, 0
80487, 5, 0
80488, 4, 0
80489, 1, 0
80491, 1, 0
80492, 3, 0
80493, 2, 0
80494, 4, 0
80495, 4, 0
80496, 1, 0
80497, 2, 0
80498, 1, 2
80500, 3, 0
80501, 8, 3
80502, 1, 0
80503, 2, 1
80504, 1, 0
80505, 2, 0
80506, 1, 0
80507, 5, 0
80509, 2, 0
80510, 1, 0
80511, 2, 0
80513, 1, 0
80514, 1, 0
80515, 2, 0
80516, 1, 0
80517, 1, 0
80518, 2, 0
80519, 3, 0
80520, 2, 0
80522, 1, 0
80523, 1, 0
80524, 0, 1
80525, 1, 0
80527, 1, 0
80528, 5, 0
80529, 1, 0
80530, 1, 0
80531, 3, 0
80532, 1, 0
80533, 2, 0
80535, 1, 1
80536, 1, 0
80537, 2, 0
80538, 4, 0
80539, 3, 0
80540, 1, 0
80541, 5, 0
80543, 1, 0
80546, 3, 0
80547, 1, 0
80548, 3, 0
80549, 4, 0
80550, 3, 1
80551, 5, 1
80552, 2, 0
80553, 5, 0
80554, 2, 0
80555, 3, 0
80556, 5, 0
80558, 2, 0
80559, 1, 0
80560, 1, 0
80561, 1, 0
80562, 3, 0
80563, 2, 0
80564, 3, 0
80566, 9, 0
80568, 1, 1
80569, 0, 1
80570, 4, 0
80571, 1, 0
80573, 1, 0
80574, 7, 0
80575, 1, 0
80576, 2, 0
80578, 2, 0
80579, 2, 0
80580, 1, 0
80581, 2, 0
80584, 1, 0
80586, 3, 0
80587, 4, 0
80589, 0, 1
80590, 0, 1
80591, 3, 2
80593, 1, 0
80594, 4, 0
80595, 1, 0
80596, 1, 0
80597, 1, 0
80601, 1, 0
80602, 1, 0
80603, 1, 0
80605, 3, 0
80607, 1, 0
80608, 1, 0
80610, 1, 0
80611, 1, 0
80612, 1, 0
80615, 1, 0
80616, 1, 0
80617, 1, 0
80621, 1, 0
80623, 1, 0
80624, 2, 0
80628, 1, 0
80631, 1, 1
80633, 1, 0
80637, 5, 0
80638, 8, 0
80639, 2, 0
80640, 1, 0
80641, 3, 0
80642, 4, 0
80644, 1, 0
80645, 1, 0
80646, 1, 0
80647, 3, 0
80648, 1, 0
80649, 2, 0
80650, 1, 0
80651, 2, 0
80652, 3, 0
80653, 5, 0
80654, 3, 0
80655, 2, 0
80656, 5, 0
80657, 1, 0
80658, 1, 0
80659, 1, 0
80660, 5, 0
80661, 1, 1
80662, 2, 0
80663, 3, 0
80664, 4, 0
80666, 1, 0
80667, 3, 0
80668, 3, 0
80669, 4, 1
80671, 2, 0
80672, 1, 0
80673, 4, 0
80674, 2, 0
80676, 2, 0
80677, 2, 0
80678, 1, 0
80679, 1, 0
80680, 0, 1
80681, 2, 0
80682, 4, 0
80683, 2, 0
80684, 2, 0
80685, 2, 0
80687, 3, 1
80688, 3, 0
80689, 2, 0
80690, 1, 0
80693, 3, 0
80694, 1, 0
80695, 1, 0
80696, 4, 0
80697, 1, 0
80698, 2, 1
80699, 2, 0
80700, 1, 0
80701, 5, 1
80702, 2, 0
80703, 2, 0
80704, 2, 0
80706, 1, 0
80707, 4, 0
80708, 3, 0
80710, 2, 0
80711, 1, 0
80712, 1, 0
80713, 3, 0
80714, 3, 0
80715, 2, 2
80716, 1, 0
80717, 1, 0
80718, 3, 0
80719, 1, 0
80721, 4, 0
80722, 1, 0
80723, 9, 0
80724, 1, 0
80725, 1, 2
80726, 1, 0
80727, 4, 0
80729, 0, 1
80732, 3, 0
80733, 0, 1
80734, 5, 0
80735, 1, 0
80736, 3, 0
80737, 2, 0
80738, 2, 1
80739, 1, 0
80740, 1, 0
80741, 3, 0
80742, 4, 0
80743, 2, 0
80745, 1, 0
80746, 13, 0
80747, 1, 0
80748, 1, 0
80749, 1, 0
80751, 2, 0
80754, 6, 0
80755, 1, 0
80756, 3, 0
80757, 1, 0
80758, 1, 0
80759, 1, 0
80762, 8, 0
80763, 1, 1
80764, 1, 0
80765, 4, 0
80766, 6, 1
80768, 2, 0
80769, 6, 0
80770, 5, 0
80771, 1, 1
80772, 7, 0
80773, 6, 0
80774, 8, 0
80775, 2, 0
80776, 1, 0
80777, 1, 0
80778, 2, 2
80779, 5, 1
80780, 6, 1
80782, 2, 0
80784, 2, 1
80785, 1, 0
80786, 2, 0
80787, 1, 0
80788, 1, 0
80789, 1, 0
80790, 1, 0
80791, 1, 0
80792, 1, 0
80795, 2, 0
80796, 2, 0
80798, 1, 0
80799, 8, 0
80800, 1, 1
80801, 4, 0
80802, 6, 1
80804, 6, 0
80805, 3, 0
80806, 1, 0
80807, 4, 1
80808, 2, 0
80809, 6, 0
80811, 1, 0
80812, 4, 0
80813, 4, 0
80814, 1, 0
80815, 3, 0
80816, 4, 0
80817, 1, 0
80819, 9, 0
80821, 1, 0
80822, 2, 0
80824, 2, 0
80825, 1, 0
80826, 1, 0
80828, 2, 0
80829, 1, 0
80830, 11, 1
80831, 3, 0
80832, 1, 0
80835, 2, 0
80836, 1, 0
80837, 5, 0
80838, 2, 1
80839, 2, 0
80840, 2, 0
80841, 1, 0
80842, 5, 0
80843, 2, 0
80844, 2, 0
80845, 2, 0
80847, 2, 0
80848, 3, 0
80849, 1, 0
80850, 2, 0
80851, 2, 0
80852, 2, 0
80853, 4, 0
80855, 1, 1
80856, 0, 1
80859, 1, 1
80860, 3, 0
80861, 3, 0
80862, 2, 0
80863, 2, 0
80864, 2, 0
80865, 1, 0
80867, 1, 0
80868, 4, 2
80871, 2, 0
80872, 3, 0
80873, 4, 0
80874, 0, 1
80876, 2, 0
80877, 4, 1
80878, 2, 0
80880, 1, 0
80881, 6, 0
80882, 3, 0
80883, 2, 0
80884, 1, 0
80886, 2, 0
80887, 1, 0
80888, 4, 0
80890, 1, 0
80891, 1, 0
80892, 1, 0
80893, 2, 0
80894, 1, 1
80895, 1, 0
80896, 3, 0
80897, 3, 0
80898, 2, 0
80899, 1, 0
80900, 6, 0
80901, 3, 0
80902, 3, 0
80903, 1, 0
80904, 5, 0
80905, 12, 0
80906, 3, 0
80907, 2, 0
80909, 0, 1
80912, 1, 0
80913, 1, 0
80917, 0, 1
80918, 1, 0
80920, 2, 0
80921, 1, 0
80922, 1, 0
80924, 1, 0
80925, 1, 0
80926, 1, 0
80927, 2, 0
80928, 1, 0
80929, 1, 0
80930, 1, 0
80931, 1, 0
80932, 1, 0
80934, 4, 0
80935, 2, 0
80936, 1, 0
80937, 1, 2
80938, 1, 0
80939, 1, 0
80940, 3, 0
80943, 1, 0
80944, 1, 0
80945, 0, 2
80946, 1, 0
80947, 3, 0
80948, 2, 0
80949, 2, 0
80950, 1, 0
80951, 4, 0
80952, 1, 0
80953, 1, 0
80955, 1, 0
80956, 1, 0
80957, 1, 0
80968, 1, 0
80970, 1, 0
80973, 3, 0
80975, 2, 0
80977, 1, 0
80978, 4, 0
80982, 1, 0
80984, 3, 0
80985, 4, 0
80987, 3, 0
80988, 1, 0
80989, 1, 0
80990, 2, 0
80992, 1, 0
80993, 1, 0
80999, 2, 0
81001, 2, 0
81006, 2, 0
81007, 1, 0
81008, 2, 0
81009, 1, 0
81010, 1, 0
81012, 1, 0
81026, 4, 0
81027, 1, 0
81034, 1, 0
81036, 0, 1
81038, 1, 0
81039, 1, 0
81042, 2, 0
81043, 4, 0
81044, 7, 0
81058, 2, 0
81070, 11, 0
81076, 5, 0
81090, 1, 0
81091, 3, 0
81096, 1, 0
81238, 3, 1
81248, 1, 0
81249, 1, 0
81250, 1, 0
81253, 1, 0
81254, 1, 0
81257, 2, 0
81259, 1, 0
81260, 1, 0
81261, 1, 0
81265, 1, 0
81266, 2, 1
81267, 0, 2
81271, 1, 0
81272, 3, 0
81273, 1, 0
81274, 0, 1
81276, 1, 0
81277, 1, 0
81280, 1, 0
81284, 1, 1
81285, 1, 0
81295, 5, 1
81296, 5, 0
81297, 8, 0
81298, 4, 1
81305, 1, 0
81310, 1, 0
81316, 6, 0
81317, 2, 1
81318, 1, 0
81319, 4, 0
81320, 1, 0
81322, 1, 0
81324, 0, 1
81327, 1, 0
81330, 2, 0
81340, 2, 0
81341, 2, 0
81342, 1, 0
81345, 1, 0
81350, 66, 0
81355, 17, 0
81360, 7, 0
81364, 4, 0
81365, 1, 0
81366, 2, 0
81369, 1, 0
81370, 2, 0
81374, 2, 0
81381, 1, 0
81390, 3, 0
81398, 1, 0
81401, 2, 0
81402, 1, 0
81418, 1, 0
81422, 1, 0
81432, 1, 0
81437, 0, 1
81446, 1, 0
81447, 1, 0
81450, 7, 0
81451, 1, 0
81454, 1, 0
81458, 3, 0
81465, 1, 0
81468, 1, 0
81472, 4, 0
81476, 7, 0
81478, 2, 0
81480, 1, 0
81481, 1, 0
81482, 5, 0
81488, 1, 0
81497, 1, 0
81499, 0, 1
81502, 1, 1
81505, 1, 0
81510, 0, 1
81515, 1, 0
81517, 3, 0
81518, 1, 0
81520, 2, 0
81522, 2, 0
81524, 16, 0
81527, 1, 0
81528, 1, 0
81534, 2, 0
81542, 1, 0
81627, 1, 0
82090, 0, 1
82181, 1, 0
82194, 1, 0
82201, 2, 0
82202, 1, 0
82207, 1, 0
82209, 1, 0
82211, 1, 0
82212, 2, 0
82249, 1, 0
82277, 1, 0
82303, 1, 0
82308, 3, 0
82326, 0, 1
82327, 2, 0
82329, 4, 0
82330, 1, 0
82332, 1, 1
82337, 1, 0
82341, 1, 0
82357, 2, 0
82361, 2, 0
82370, 0, 1
82371, 1, 0
82375, 2, 0
82376, 1, 1
82377, 0, 1
82379, 2, 0
82382, 1, 0
82383, 2, 1
82384, 1, 0
82385, 1, 0
82392, 1, 0
82393, 1, 0
82641, 1, 0
83046, 1, 0
83064, 1, 0
83091, 1, 0
83092, 1, 0
83100, 1, 0
83108, 2, 1
83129, 2, 0
83157, 1, 0
83168, 4, 0
83169, 1, 0
83181, 1, 0
83217, 2, 0
83226, 4, 0
83228, 2, 0
83233, 1, 0
83238, 1, 0
83244, 1, 0
83250, 1, 0
83255, 2, 0
83256, 1, 1
83260, 1, 0
83261, 1, 0
83263, 0, 1
83267, 1, 0
83269, 1, 0
83270, 2, 0
83272, 3, 1
83277, 1, 0
83288, 1, 0
83509, 1, 0
83810, 1, 0
83865, 1, 0
83887, 1, 0
83913, 1, 0
83914, 1, 0
83917, 2, 0
83923, 1, 0
83951, 1, 0
83974, 1, 0
83985, 1, 0
84016, 3, 0
84024, 1, 0
84025, 2, 0
84031, 1, 0
84036, 1, 0
84038, 1, 0
84049, 3, 0
84051, 1, 0
84052, 4, 0
84053, 1, 0
84054, 1, 0
84063, 2, 0
84070, 4, 0
84071, 2, 0
84264, 1, 0
84625, 1, 0
84656, 0, 1
84666, 1, 0
84678, 1, 0
84681, 1, 0
84688, 2, 0
84689, 1, 0
84696, 1, 0
84700, 0, 1
84709, 4, 0
84736, 1, 0
84750, 1, 0
84784, 2, 0
84785, 1, 0
84789, 0, 1
84797, 3, 0
84802, 2, 0
84804, 2, 1
84809, 1, 0
84811, 1, 0
84812, 2, 0
84815, 1, 0
84817, 3, 0
84818, 1, 1
84819, 1, 0
84820, 3, 0
84828, 2, 0
84974, 1, 0
84975, 1, 0
85330, 1, 0
85387, 1, 0
85423, 2, 0
85444, 2, 0
85491, 1, 0
85528, 1, 0
85540, 2, 0
85548, 0, 1
85557, 4, 0
85558, 2, 0
85559, 3, 0
85563, 1, 0
85565, 6, 0
85571, 1, 0
85732, 2, 0
85806, 1, 0
86126, 1, 0
86127, 1, 0
86137, 1, 0
86148, 1, 0
86156, 1, 0
86160, 1, 0
86164, 1, 1
86178, 1, 0
86180, 1, 0
86196, 2, 0
86219, 2, 0
86220, 1, 0
86228, 1, 0
86242, 1, 0
86245, 1, 0
86248, 1, 0
86250, 2, 0
86290, 1, 0
86292, 1, 0
86296, 1, 0
86303, 2, 0
86304, 1, 0
86308, 2, 0
86309, 1, 0
86310, 1, 1
86312, 1, 0
86314, 1, 0
86316, 3, 0
86317, 1, 0
86319, 1, 0
86321, 4, 0
86323, 1, 0
86328, 2, 0
86522, 1, 0
86523, 1, 0
86891, 1, 0
86929, 1, 0
86931, 1, 0
86935, 1, 0
86942, 2, 0
86943, 1, 0
86970, 1, 0
86975, 2, 0
87008, 2, 0
87015, 1, 0
87037, 1, 0
87039, 1, 0
87048, 1, 0
87051, 1, 0
87066, 3, 1
87071, 1, 0
87076, 1, 0
87082, 1, 0
87083, 2, 0
87086, 1, 0
87089, 3, 0
87090, 1, 0
87091, 3, 0
87094, 1, 0
87168, 1, 0
87250, 1, 0
87600, 0, 1
87603, 1, 0
87686, 1, 0
87690, 2, 0
87695, 2, 0
87696, 2, 0
87699, 1, 0
87711, 4, 0
87712, 2, 0
87735, 1, 0
87742, 1, 0
87764, 2, 0
87799, 1, 0
87802, 3, 0
87821, 3, 0
87823, 1, 0
87824, 4, 0
87825, 2, 0
87827, 1, 0
87831, 1, 0
87833, 1, 0
87834, 2, 0
87835, 1, 0
87836, 1, 0
87843, 3, 0
88397, 1, 0
88403, 1, 0
88410, 1, 0
88412, 2, 1
88441, 1, 0
88458, 0, 1
88479, 3, 0
88481, 1, 0
88483, 1, 0
88489, 1, 0
88503, 1, 0
88505, 2, 1
88512, 1, 0
88681, 2, 0
88942, 1, 0
88997, 1, 0
88998, 0, 1
89029, 1, 0
89030, 1, 0
89037, 1, 1
89086, 1, 0
89134, 1, 0
89147, 1, 0
89148, 2, 0
89162, 1, 0
89166, 1, 0
89172, 1, 0
89179, 1, 0
89181, 1, 1
89661, 1, 0
89684, 2, 0
89716, 1, 0
89729, 0, 1
89732, 1, 0
89794, 1, 0
89819, 1, 0
89826, 1, 0
89836, 2, 0
89846, 1, 0
89850, 5, 0
89856, 1, 0
89859, 2, 1
89860, 1, 0
89861, 1, 0
89868, 1, 0
89947, 1, 0
90372, 1, 0
90377, 1, 0
90379, 1, 1
90381, 1, 0
90389, 1, 0
90391, 0, 1
90393, 1, 0
90436, 2, 0
90460, 1, 0
90461, 1, 0
90483, 1, 0
90489, 1, 0
90501, 2, 0
90507, 1, 0
90510, 1, 0
90518, 1, 0
90523, 2, 0
90525, 1, 0
90526, 6, 0
90528, 1, 0
90529, 1, 0
90532, 1, 0
90700, 1, 0
90955, 1, 0
91017, 2, 0
91068, 2, 0
91087, 1, 0
91089, 1, 0
91110, 1, 0
91111, 1, 1
91151, 1, 0
91167, 1, 0
91169, 1, 0
91171, 2, 0
91174, 1, 0
91176, 3, 0
91181, 0, 1
91362, 1, 0
91379, 1, 0
91620, 1, 0
91683, 1, 0
91685, 1, 0
91697, 1, 0
91704, 1, 0
91746, 1, 0
91749, 4, 0
91782, 0, 1
91790, 1, 0
91797, 1, 0
91804, 1, 0
91811, 1, 0
91814, 1, 0
91818, 1, 0
91819, 6, 1
92042, 1, 0
92251, 1, 0
92253, 1, 0
92278, 0, 1
92280, 2, 0
92326, 2, 0
92328, 1, 0
92329, 0, 2
92377, 1, 0
92378, 1, 0
92383, 2, 0
92386, 1, 0
92387, 1, 0
92397, 0, 1
92398, 1, 0
92400, 0, 1
92808, 1, 0
92863, 1, 0
92885, 1, 0
92888, 1, 0
92895, 2, 0
92911, 1, 0
92916, 0, 1
92935, 1, 0
92936, 0, 2
92943, 1, 0
92979, 1, 0
92982, 2, 0
92997, 1, 0
93015, 2, 0
93017, 1, 0
93149, 1, 0
93470, 1, 0
93498, 1, 0
93518, 1, 0
93573, 1, 0
93610, 1, 1
93616, 1, 0
93617, 2, 1
93618, 2, 1
93625, 1, 0
93626, 1, 0
93631, 1, 0
93757, 2, 1
94012, 1, 0
94043, 1, 0
94136, 5, 1
94157, 1, 0
94161, 2, 0
94167, 1, 0
94170, 2, 0
94172, 1, 0
94174, 1, 0
94179, 1, 0
94184, 1, 0
94186, 1, 0
94188, 1, 0
94189, 1, 0
94195, 1, 0
94632, 1, 0
94635, 1, 0
94668, 1, 0
94672, 1, 0
94683, 2, 0
94720, 1, 0
94724, 1, 0
94746, 1, 0
94748, 1, 0
94749, 1, 0
94767, 1, 0
94768, 1, 0
94769, 1, 0
94779, 2, 0
94917, 0, 1
94922, 1, 0
95170, 1, 0
95216, 1, 0
95228, 1, 0
95247, 4, 0
95264, 0, 1
95268, 1, 0
95299, 1, 0
95300, 1, 0
95324, 1, 0
95342, 2, 0
95344, 1, 0
95363, 1, 0
95381, 2, 0
95384, 1, 0
95386, 1, 0
95387, 1, 0
95388, 1, 0
95390, 1, 0
95529, 1, 0
95755, 3, 0
95832, 1, 0
95835, 1, 0
95836, 2, 0
95842, 1, 0
95853, 1, 0
95870, 0, 1
95877, 1, 0
95897, 1, 0
95904, 1, 0
95911, 1, 0
95923, 1, 0
95932, 1, 0
95933, 1, 0
95940, 3, 0
96378, 1, 0
96408, 3, 0
96411, 1, 0
96471, 1, 0
96500, 2, 0
96508, 2, 0
96513, 2, 0
96515, 1, 0
96516, 1, 1
96520, 0, 1
96609, 1, 0
96928, 3, 0
96929, 2, 0
96978, 1, 0
97004, 1, 0
97005, 1, 0
97017, 3, 0
97019, 1, 0
97020, 2, 0
97026, 1, 0
97027, 1, 0
97165, 1, 0
97456, 1, 0
97460, 2, 0
97504, 1, 0
97510, 1, 0
97514, 1, 0
97515, 3, 0
97516, 1, 0
97519, 2, 0
97520, 1, 0
97528, 1, 0
97529, 1, 0
97530, 1, 0
97536, 2, 0
97947, 1, 0
98021, 1, 0
98033, 1, 0
98044, 2, 0
98047, 1, 0
98048, 1, 0
98053, 5, 0
98054, 1, 0
98163, 2, 0
98177, 1, 0
98394, 0, 1
98430, 1, 0
98431, 1, 0
98433, 0, 1
98437, 1, 0
98464, 1, 0
98494, 3, 0
98499, 1, 0
98500, 1, 0
98505, 0, 1
98535, 1, 0
98547, 1, 0
98552, 2, 0
98909, 1, 0
98934, 1, 0
98935, 1, 0
98971, 1, 0
98975, 1, 0
98976, 1, 0
98992, 1, 0
98998, 1, 0
99022, 0, 1
99031, 1, 0
99050, 1, 0
99058, 1, 0
99063, 1, 0
99064, 2, 0
99068, 1, 0
99140, 1, 0
99208, 1, 0
99454, 1, 0
99461, 5, 0
99464, 1, 0
99466, 1, 0
99478, 2, 0
99482, 2, 0
99507, 1, 0
99523, 1, 0
99550, 1, 0
99552, 1, 0
99556, 2, 0
99558, 1, 0
99559, 1, 0
99562, 1, 0
99881, 2, 0
99947, 2, 0
99949, 1, 0
99954, 3, 0
99989, 3, 0
100003, 1, 0
100028, 1, 0
100031, 1, 0
100037, 2, 1
100038, 1, 0
100039, 2, 0
100413, 1, 0
100436, 1, 0
100473, 1, 0
100474, 3, 0
100475, 1, 0
100497, 1, 0
100508, 1, 0
100511, 1, 0
100514, 1, 0
100515, 1, 0
100614, 0, 1
100821, 0, 1
100886, 1, 0
100917, 1, 0
100929, 1, 0
100935, 1, 0
100946, 1, 0
100948, 1, 0
100968, 1, 0
100970, 1, 0
100973, 4, 0
100976, 2, 0
101294, 2, 0
101333, 1, 0
101349, 1, 0
101364, 1, 0
101385, 1, 0
101394, 1, 0
101407, 1, 0
101414, 2, 0
101782, 1, 0
101783, 1, 0
101813, 1, 0
101818, 2, 0
101844, 1, 0
101852, 1, 0
101856, 1, 0
101857, 1, 0
101917, 1, 0
101949, 1, 0
102156, 1, 0
102180, 1, 0
102187, 1, 0
102220, 1, 0
102228, 1, 0
102253, 1, 0
102270, 1, 0
102288, 1, 0
102289, 1, 0
102304, 1, 0
102305, 1, 0
102619, 1, 0
102622, 1, 0
102625, 1, 0
102630, 1, 0
102652, 1, 0
102654, 1, 0
102694, 1, 0
102695, 1, 0
102696, 2, 0
102699, 1, 0
102700, 1, 0
102701, 1, 0
102702, 0, 2
103037, 1, 0
103045, 1, 0
103048, 1, 0
103080, 1, 0
103116, 1, 0
103120, 1, 0
103239, 1, 0
103401, 1, 0
103427, 2, 0
103444, 1, 0
103456, 1, 0
103462, 1, 0
103486, 1, 0
103511, 2, 0
103515, 1, 0
103530, 1, 0
103534, 1, 0
103830, 1, 0
103845, 1, 0
103867, 1, 0
103889, 2, 0
103890, 1, 0
103899, 1, 0
103910, 1, 0
103919, 1, 0
103927, 1, 0
103928, 1, 0
103940, 2, 0
103944, 1, 0
104250, 1, 0
104252, 1, 0
104259, 1, 0
104273, 1, 0
104287, 1, 0
104307, 1, 0
104315, 1, 0
104316, 1, 0
104322, 1, 0
104323, 1, 0
104599, 1, 0
104618, 1, 0
104640, 1, 0
104667, 1, 0
104668, 1, 0
104679, 1, 0
104687, 1, 0
104693, 1, 0
104698, 1, 0
104699, 1, 0
104958, 1, 0
104961, 1, 0
105006, 1, 0
105019, 1, 0
105046, 1, 0
105057, 1, 0
105062, 1, 0
105073, 1, 0
105075, 1, 0
105080, 1, 0
105365, 1, 0
105382, 1, 0
105470, 3, 0
105471, 4, 0
105472, 2, 0
105478, 1, 0
105479, 1, 0
105487, 1, 0
105753, 1, 0
105765, 1, 0
105766, 1, 0
105770, 3, 0
105792, 1, 0
105803, 1, 0
105808, 1, 0
106140, 1, 0
106148, 1, 0
106164, 1, 0
106192, 1, 0
106194, 1, 0
106203, 1, 0
106205, 1, 0
106306, 1, 0
106451, 2, 0
106492, 1, 0
106541, 1, 0
106542, 2, 0
106545, 1, 0
106550, 1, 0
106554, 1, 0
106563, 3, 0
106564, 0, 1
106581, 1, 0
106584, 0, 1
106798, 0, 1
106836, 1, 0
106868, 0, 1
106873, 1, 0
106966, 1, 0
107181, 1, 0
107182, 1, 0
107191, 1, 0
107200, 1, 0
107218, 1, 0
107221, 3, 0
107222, 1, 0
107223, 1, 0
107224, 1, 0
107225, 1, 1
107226, 1, 0
107228, 1, 0
107503, 1, 0
107522, 1, 0
107554, 1, 0
107623, 1, 0
107802, 1, 0
107867, 1, 0
107890, 2, 0
107892, 2, 0
107901, 1, 0
107906, 1, 0
107908, 1, 0
107982, 1, 0
107985, 1, 0
108115, 1, 0
108171, 2, 0
108208, 1, 0
108216, 1, 0
108223, 1, 0
108224, 1, 0
108235, 1, 0
108237, 1, 0
108266, 1, 0
108492, 1, 0
108494, 1, 0
108526, 1, 0
108566, 1, 0
108817, 1, 0
108818, 1, 0
109084, 1, 0
109145, 1, 0
109177, 1, 0
109182, 4, 0
109183, 2, 0
109365, 1, 0
109400, 1, 0
109402, 1, 0
109442, 1, 0
109464, 1, 0
109469, 1, 0
109477, 1, 0
109478, 1, 0
109545, 1, 0
109716, 1, 0
109735, 2, 0
109741, 1, 0
109744, 1, 0
109753, 1, 0
109768, 1, 0
109770, 1, 0
109972, 1, 0
110019, 0, 1
110042, 1, 0
110048, 1, 0
110051, 1, 0
110056, 0, 1
110057, 1, 0
110101, 1, 0
110112, 1, 0
110235, 1, 0
110276, 1, 0
110281, 2, 0
110302, 2, 0
110325, 1, 0
110326, 1, 0
110329, 1, 0
110357, 1, 0
110564, 0, 1
110567, 1, 0
110602, 0, 1
110614, 1, 0
110823, 1, 0
110845, 1, 0
110846, 1, 0
110847, 0, 1
110866, 1, 0
110897, 2, 0
111089, 1, 0
111090, 1, 0
111102, 1, 0
111123, 1, 0
111141, 1, 0
111332, 1, 0
111351, 1, 0
111389, 1, 0
111394, 1, 0
111445, 1, 0
111578, 1, 0
111588, 2, 0
111589, 1, 0
111590, 1, 0
111621, 1, 0
111637, 1, 0
111647, 1, 0
111652, 1, 0
111653, 1, 0
111655, 1, 0
111705, 1, 0
111709, 2, 0
111853, 0, 1
111869, 1, 0
111884, 1, 0
111896, 1, 0
111911, 2, 0
111912, 1, 0
111915, 0, 1
112080, 1, 0
112098, 1, 0
112123, 1, 0
112126, 1, 0
112127, 1, 0
112129, 1, 0
112130, 1, 0
112330, 1, 0
112338, 0, 1
112360, 1, 0
112374, 1, 0
112384, 1, 0
112391, 1, 0
112392, 1, 0
112552, 0, 1
112574, 1, 0
112577, 0, 1
112579, 1, 0
112581, 1, 0
112600, 1, 0
112615, 1, 0
112627, 1, 0
112630, 1, 0
112631, 1, 0
112669, 1, 0
112805, 1, 0
112828, 1, 0
112842, 0, 1
112848, 1, 0
112855, 1, 0
112856, 1, 0
112874, 1, 0
113037, 2, 0
113041, 1, 0
113091, 1, 0
113247, 1, 0
113262, 0, 1
113266, 1, 0
113325, 1, 0
113533, 2, 0
113535, 1, 0
113572, 1, 0
113672, 1, 0
113700, 1, 0
113724, 2, 0
113725, 1, 0
113726, 1, 0
113728, 3, 0
113904, 1, 0
113907, 0, 1
113912, 0, 1
113914, 1, 0
113949, 1, 0
114042, 1, 0
114049, 1, 0
114069, 1, 0
114077, 1, 0
114099, 1, 0
114108, 1, 0
114217, 1, 0
114226, 1, 0
114235, 1, 0
114236, 2, 0
114261, 2, 0
114263, 1, 0
114267, 1, 0
114272, 1, 0
114274, 1, 0
114434, 1, 0
114445, 3, 0
114477, 0, 1
114478, 1, 0
114621, 1, 0
114633, 1, 0
114654, 1, 0
114810, 1, 0
114819, 1, 0
114821, 1, 0
114822, 0, 1
114823, 1, 0
114826, 1, 0
114862, 1, 0
114963, 1, 0
115010, 1, 0
115013, 2, 0
115057, 1, 0
115131, 1, 0
115183, 1, 0
115187, 1, 0
115192, 1, 0
115199, 1, 0
115313, 1, 0
115327, 1, 0
115352, 1, 0
115355, 1, 0
115357, 1, 0
115394, 0, 1
115477, 1, 0
115529, 1, 0
115774, 0, 1
115809, 1, 0
115831, 1, 0
115928, 1, 0
115930, 1, 0
115951, 1, 0
115958, 1, 0
115959, 1, 0
115961, 1, 0
115980, 1, 0
115981, 1, 0
116075, 1, 0
116108, 1, 0
116109, 1, 0
116127, 1, 0
116214, 1, 0
116215, 1, 0
116246, 4, 0
116247, 4, 0
116256, 1, 0
116273, 1, 0
116275, 1, 0
116279, 1, 0
116407, 1, 0
116517, 2, 1
116525, 2, 0
116526, 1, 0
116606, 1, 0
116607, 1, 0
116614, 1, 0
116628, 1, 1
116629, 1, 0
116729, 1, 0
116739, 1, 0
116753, 1, 0
116761, 1, 0
116762, 1, 0
116764, 1, 0
116864, 2, 0
116876, 1, 0
116988, 4, 0
117070, 1, 0
117088, 1, 0
117151, 1, 0
117166, 1, 0
117182, 1, 0
117188, 1, 0
117196, 3, 0
117221, 1, 0
117278, 1, 0
117291, 1, 0
117309, 2, 0
117382, 1, 0
117498, 1, 0
117523, 2, 0
117579, 1, 0
117594, 1, 0
117629, 1, 0
117631, 1, 0
117671, 1, 0
117697, 1, 0
117708, 1, 0
117751, 1, 0
117763, 1, 0
117777, 1, 0
117787, 1, 0
117788, 1, 0
117792, 1, 0
117805, 1, 0
117856, 1, 0
117865, 1, 0
189629, 13, 0
234049, 1, 0
278393, 153, 10
302049, 18, 5
311937, 1, 0
311938, 1, 0
311951, 1, 0
311954, 2, 0
312028, 1, 0
312036, 1, 0
312039, 4, 0
312046, 6, 0
312081, 2, 0
312088, 1, 0
312089, 3, 0
312103, 1, 0
312116, 2, 0
312121, 1, 0
312122, 2, 0
312129, 3, 0
312130, 3, 2
312131, 0, 1
312132, 0, 1
312136, 1, 0
312139, 1, 0
312140, 1, 0
312152, 1, 0
312153, 2, 0
